<?xml version = '1.0' encoding = 'UTF-8'?>
<Relation class="oracle.dbtools.crest.model.design.logical.Relation" name="bookcopy_reserve" directorySegmentName="seg_0" id="062774AD-03DD-9BDE-F224-60D0E72B0AEB">
<createdBy>Teh Jia Xuan</createdBy>
<createdTime>2024-09-17 08:23:31 UTC</createdTime>
<ownerDesignName>A1Logical</ownerDesignName>
<engineerTo>
<item key="88B537E9-6CAE-9FD0-F6E7-48A2DEA98808" value="true"/>
</engineerTo>
<sourcePk>6829C3A8-6AF4-37B8-77FA-A20D40AAA86F</sourcePk>
<identifying>false</identifying>
<nameOnSource>reserves</nameOnSource>
<nameOnTarget> </nameOnTarget>
<optionalSource>true</optionalSource>
<optionalTarget>false</optionalTarget>
<sourceCardinality>1</sourceCardinality>
<sourceEntity>052FE11E-F332-E0F5-6407-8356D9EEE31D</sourceEntity>
<targetCardinalityString>*</targetCardinalityString>
<targetEntity>F0DB49F2-21D0-1E1F-2345-702EA351ADDB</targetEntity>
<transferable>true</transferable>
<deleteRule>NO ACTION</deleteRule>
</Relation>
