<?xml version = '1.0' encoding = 'UTF-8'?>
<Relation class="oracle.dbtools.crest.model.design.logical.Relation" name="manager_branch_fk" directorySegmentName="seg_0" id="06C405E7-C811-CFB6-6E0D-F7B34C69E9D0">
<createdBy>Teh Jia Xuan</createdBy>
<createdTime>2024-09-13 17:54:14 UTC</createdTime>
<ownerDesignName>A1Logical</ownerDesignName>
<engineerTo>
<item key="88B537E9-6CAE-9FD0-F6E7-48A2DEA98808" value="true"/>
</engineerTo>
<sourcePk>F88386C8-3A23-FA11-B733-EC4F598E406C</sourcePk>
<identifying>false</identifying>
<nameOnSource>manages</nameOnSource>
<nameOnTarget> </nameOnTarget>
<optionalSource>false</optionalSource>
<optionalTarget>false</optionalTarget>
<sourceCardinality>1</sourceCardinality>
<sourceEntity>2E3C8DD0-DC00-BC44-C9EC-B44B73DA77E2</sourceEntity>
<targetCardinalityString>*</targetCardinalityString>
<targetEntity>2D146D19-B43F-5EA5-06DA-FC0659E58F45</targetEntity>
<transferable>true</transferable>
<deleteRule>NO ACTION</deleteRule>
</Relation>
