<?xml version = '1.0' encoding = 'UTF-8'?>
<Relation class="oracle.dbtools.crest.model.design.logical.Relation" name="branch_manager_fk" directorySegmentName="seg_0" id="318920BA-9BA6-09E0-D04A-8A08AEF0D2BE">
<createdBy>Teh Jia Xuan</createdBy>
<createdTime>2024-09-13 17:51:36 UTC</createdTime>
<ownerDesignName>A1Logical</ownerDesignName>
<engineerTo>
<item key="88B537E9-6CAE-9FD0-F6E7-48A2DEA98808" value="true"/>
</engineerTo>
<sourcePk>54081044-F55A-7D3B-CC96-21303C4E4381</sourcePk>
<identifying>false</identifying>
<nameOnSource> </nameOnSource>
<nameOnTarget> Has a home branch</nameOnTarget>
<optionalSource>true</optionalSource>
<optionalTarget>false</optionalTarget>
<sourceCardinality>1</sourceCardinality>
<sourceEntity>2D146D19-B43F-5EA5-06DA-FC0659E58F45</sourceEntity>
<targetCardinalityString>1</targetCardinalityString>
<targetEntity>2E3C8DD0-DC00-BC44-C9EC-B44B73DA77E2</targetEntity>
<transferable>true</transferable>
<deleteRule>NO ACTION</deleteRule>
</Relation>
