<?xml version = '1.0' encoding = 'UTF-8'?>
<Relation class="oracle.dbtools.crest.model.design.logical.Relation" name="borrower_class_borrower_fk" directorySegmentName="seg_0" id="3A647AA9-9550-8773-1634-8DAF977B74B7">
<createdBy>Teh Jia Xuan</createdBy>
<createdTime>2024-09-16 02:35:17 UTC</createdTime>
<ownerDesignName>A1Logical</ownerDesignName>
<engineerTo>
<item key="88B537E9-6CAE-9FD0-F6E7-48A2DEA98808" value="true"/>
</engineerTo>
<sourcePk>847E015F-72A4-1735-429B-835C245D2C7F</sourcePk>
<identifying>false</identifying>
<nameOnSource> </nameOnSource>
<nameOnTarget>is</nameOnTarget>
<optionalSource>true</optionalSource>
<optionalTarget>false</optionalTarget>
<sourceCardinality>1</sourceCardinality>
<sourceEntity>5E52A5AC-524A-B0B6-B90E-B24889556936</sourceEntity>
<targetCardinalityString>*</targetCardinalityString>
<targetEntity>B03542A8-FFED-FAD6-14F4-BBE0253FAD5B</targetEntity>
<transferable>true</transferable>
<deleteRule>NO ACTION</deleteRule>
</Relation>
