<?xml version = '1.0' encoding = 'UTF-8'?>
<Relation class="oracle.dbtools.crest.model.design.logical.Relation" name="publisher_cata_fk" directorySegmentName="seg_0" id="3FFF3397-15B2-3649-450C-A412CEE73C59">
<createdBy>Teh Jia Xuan</createdBy>
<createdTime>2024-09-13 18:00:10 UTC</createdTime>
<ownerDesignName>A1Logical</ownerDesignName>
<engineerTo>
<item key="88B537E9-6CAE-9FD0-F6E7-48A2DEA98808" value="true"/>
</engineerTo>
<sourcePk>07C75618-A5F5-FDC3-A56E-DE4EFE45246D</sourcePk>
<identifying>false</identifying>
<nameOnSource>publishes</nameOnSource>
<nameOnTarget> </nameOnTarget>
<optionalSource>false</optionalSource>
<optionalTarget>false</optionalTarget>
<sourceCardinality>1</sourceCardinality>
<sourceEntity>69F2FDA5-F458-C6D8-2055-0734DCE6E1D4</sourceEntity>
<targetCardinalityString>*</targetCardinalityString>
<targetEntity>2C73939D-7D05-36E0-A482-F756F31DB906</targetEntity>
<transferable>true</transferable>
<deleteRule>NO ACTION</deleteRule>
</Relation>
