<?xml version = '1.0' encoding = 'UTF-8'?>
<Relation class="oracle.dbtools.crest.model.design.logical.Relation" name="lga_branch_fk" directorySegmentName="seg_0" id="46168820-A9AD-177F-F9FB-10FBCD3F874A">
<createdBy>Teh Jia Xuan</createdBy>
<createdTime>2024-09-13 17:45:52 UTC</createdTime>
<ownerDesignName>A1Logical</ownerDesignName>
<engineerTo>
<item key="88B537E9-6CAE-9FD0-F6E7-48A2DEA98808" value="true"/>
</engineerTo>
<sourcePk>747BE799-91A0-E362-DD57-554021B57A2D</sourcePk>
<identifying>false</identifying>
<nameOnSource>opens</nameOnSource>
<nameOnTarget> </nameOnTarget>
<optionalSource>true</optionalSource>
<optionalTarget>false</optionalTarget>
<sourceCardinality>1</sourceCardinality>
<sourceEntity>2C8751FE-F7A2-62CF-BB80-75ADEE8990DB</sourceEntity>
<targetCardinalityString>*</targetCardinalityString>
<targetEntity>2D146D19-B43F-5EA5-06DA-FC0659E58F45</targetEntity>
<transferable>true</transferable>
<deleteRule>NO ACTION</deleteRule>
</Relation>
