<?xml version = '1.0' encoding = 'UTF-8'?>
<Relation class="oracle.dbtools.crest.model.design.logical.Relation" name="cat_subcall_fk" directorySegmentName="seg_0" id="5888FFB1-B2F9-052D-0AC6-1CECBD12D985">
<createdBy>User</createdBy>
<createdTime>2024-09-14 14:55:58 UTC</createdTime>
<ownerDesignName>A1Logical</ownerDesignName>
<engineerTo>
<item key="88B537E9-6CAE-9FD0-F6E7-48A2DEA98808" value="true"/>
</engineerTo>
<sourcePk>C972783D-6C42-F60D-8656-F3BD408C1134</sourcePk>
<identifying>false</identifying>
<nameOnSource>has</nameOnSource>
<nameOnTarget> </nameOnTarget>
<optionalSource>false</optionalSource>
<optionalTarget>false</optionalTarget>
<sourceCardinality>1</sourceCardinality>
<sourceEntity>2C73939D-7D05-36E0-A482-F756F31DB906</sourceEntity>
<targetCardinalityString>*</targetCardinalityString>
<targetEntity>C42F91FB-2F71-BA30-2C7A-C42A2E76E14E</targetEntity>
<transferable>true</transferable>
<deleteRule>NO ACTION</deleteRule>
</Relation>
