<?xml version = '1.0' encoding = 'UTF-8'?>
<Relation class="oracle.dbtools.crest.model.design.logical.Relation" name="isbn_bookcopy_fk" directorySegmentName="seg_0" id="597E948A-7900-29CB-1CEB-64D6C8043B0E">
<createdBy>Teh Jia Xuan</createdBy>
<createdTime>2024-09-13 17:58:17 UTC</createdTime>
<ownerDesignName>A1Logical</ownerDesignName>
<engineerTo>
<item key="88B537E9-6CAE-9FD0-F6E7-48A2DEA98808" value="true"/>
</engineerTo>
<sourcePk>0C90101B-1F70-2E80-424E-835C9DAA7233</sourcePk>
<identifying>false</identifying>
<nameOnSource>represents</nameOnSource>
<nameOnTarget> </nameOnTarget>
<optionalSource>true</optionalSource>
<optionalTarget>false</optionalTarget>
<sourceCardinality>1</sourceCardinality>
<sourceEntity>767BEA53-902C-1D4F-34E2-B392FC273C10</sourceEntity>
<targetCardinalityString>*</targetCardinalityString>
<targetEntity>052FE11E-F332-E0F5-6407-8356D9EEE31D</targetEntity>
<transferable>true</transferable>
<deleteRule>NO ACTION</deleteRule>
</Relation>
