<?xml version = '1.0' encoding = 'UTF-8'?>
<Relation class="oracle.dbtools.crest.model.design.logical.Relation" name="author_athcall_fk" directorySegmentName="seg_0" id="5B367922-7B69-098B-1800-872405C4F6E5">
<createdBy>User</createdBy>
<createdTime>2024-09-14 14:53:27 UTC</createdTime>
<ownerDesignName>A1Logical</ownerDesignName>
<engineerTo>
<item key="88B537E9-6CAE-9FD0-F6E7-48A2DEA98808" value="true"/>
</engineerTo>
<sourcePk>79C28FC5-7D03-9C37-5311-1EB55CA1C2F9</sourcePk>
<identifying>false</identifying>
<nameOnSource>has</nameOnSource>
<nameOnTarget> </nameOnTarget>
<optionalSource>false</optionalSource>
<optionalTarget>false</optionalTarget>
<sourceCardinality>1</sourceCardinality>
<sourceEntity>554DC5A5-42C1-9566-4259-632982FDA0B5</sourceEntity>
<targetCardinalityString>*</targetCardinalityString>
<targetEntity>9DE0A86D-0BF3-0F39-3004-EC0CC9AB9B48</targetEntity>
<transferable>true</transferable>
<deleteRule>NO ACTION</deleteRule>
</Relation>
