<?xml version = '1.0' encoding = 'UTF-8'?>
<Relation class="oracle.dbtools.crest.model.design.logical.Relation" name="cata_athcall_fk" directorySegmentName="seg_0" id="5F099C59-1813-F7F7-6055-8543ADD5EE1B">
<createdBy>User</createdBy>
<createdTime>2024-09-14 14:54:26 UTC</createdTime>
<ownerDesignName>A1Logical</ownerDesignName>
<engineerTo>
<item key="88B537E9-6CAE-9FD0-F6E7-48A2DEA98808" value="true"/>
</engineerTo>
<sourcePk>C972783D-6C42-F60D-8656-F3BD408C1134</sourcePk>
<identifying>false</identifying>
<nameOnSource>has</nameOnSource>
<nameOnTarget> </nameOnTarget>
<optionalSource>false</optionalSource>
<optionalTarget>false</optionalTarget>
<sourceCardinality>1</sourceCardinality>
<sourceEntity>2C73939D-7D05-36E0-A482-F756F31DB906</sourceEntity>
<targetCardinalityString>*</targetCardinalityString>
<targetEntity>9DE0A86D-0BF3-0F39-3004-EC0CC9AB9B48</targetEntity>
<transferable>true</transferable>
<deleteRule>NO ACTION</deleteRule>
</Relation>
