<?xml version = '1.0' encoding = 'UTF-8'?>
<Relation class="oracle.dbtools.crest.model.design.logical.Relation" name="branch_bookcopy_fk" directorySegmentName="seg_0" id="60E062E2-CF00-F053-C44E-A0DEDB95D5A4">
<createdBy>Teh Jia Xuan</createdBy>
<createdTime>2024-09-13 17:56:37 UTC</createdTime>
<ownerDesignName>A1Logical</ownerDesignName>
<engineerTo>
<item key="88B537E9-6CAE-9FD0-F6E7-48A2DEA98808" value="true"/>
</engineerTo>
<sourcePk>54081044-F55A-7D3B-CC96-21303C4E4381</sourcePk>
<identifying>true</identifying>
<nameOnSource>has</nameOnSource>
<nameOnTarget> </nameOnTarget>
<optionalSource>true</optionalSource>
<optionalTarget>false</optionalTarget>
<sourceCardinality>1</sourceCardinality>
<sourceEntity>2D146D19-B43F-5EA5-06DA-FC0659E58F45</sourceEntity>
<targetCardinalityString>*</targetCardinalityString>
<targetEntity>052FE11E-F332-E0F5-6407-8356D9EEE31D</targetEntity>
<transferable>true</transferable>
<deleteRule>NO ACTION</deleteRule>
</Relation>
