<?xml version = '1.0' encoding = 'UTF-8'?>
<Relation class="oracle.dbtools.crest.model.design.logical.Relation" name="subj_subjcall_fk" directorySegmentName="seg_0" id="7EBA4895-5C07-0F25-0916-D3AED3A8FB42">
<createdBy>Teh Jia Xuan</createdBy>
<createdTime>2024-09-15 02:12:23 UTC</createdTime>
<ownerDesignName>A1Logical</ownerDesignName>
<engineerTo>
<item key="88B537E9-6CAE-9FD0-F6E7-48A2DEA98808" value="true"/>
</engineerTo>
<sourcePk>DD169AC9-8B1F-53D6-BE3B-2D37120ADADE</sourcePk>
<identifying>false</identifying>
<nameOnSource>has</nameOnSource>
<nameOnTarget> </nameOnTarget>
<optionalSource>false</optionalSource>
<optionalTarget>false</optionalTarget>
<sourceCardinality>1</sourceCardinality>
<sourceEntity>EFF0FBCF-FAAC-9CEB-885C-79AD314B9588</sourceEntity>
<targetCardinalityString>*</targetCardinalityString>
<targetEntity>C42F91FB-2F71-BA30-2C7A-C42A2E76E14E</targetEntity>
<transferable>true</transferable>
<deleteRule>NO ACTION</deleteRule>
</Relation>
