<?xml version = '1.0' encoding = 'UTF-8'?>
<Relation class="oracle.dbtools.crest.model.design.logical.Relation" name="borrower_loan_fk" directorySegmentName="seg_0" id="96A1C3CA-8722-59C1-45A9-87648391065C">
<createdBy>Teh Jia Xuan</createdBy>
<createdTime>2024-09-13 18:01:47 UTC</createdTime>
<ownerDesignName>A1Logical</ownerDesignName>
<engineerTo>
<item key="88B537E9-6CAE-9FD0-F6E7-48A2DEA98808" value="true"/>
</engineerTo>
<sourcePk>91752AE7-DD1E-9204-F5D8-5FBC2A9908CC</sourcePk>
<identifying>false</identifying>
<nameOnSource>takes out</nameOnSource>
<nameOnTarget> </nameOnTarget>
<optionalSource>false</optionalSource>
<optionalTarget>false</optionalTarget>
<sourceCardinality>1</sourceCardinality>
<sourceEntity>B03542A8-FFED-FAD6-14F4-BBE0253FAD5B</sourceEntity>
<targetCardinalityString>*</targetCardinalityString>
<targetEntity>1F35EC88-45D2-8D8C-72B8-358F64E4827A</targetEntity>
<transferable>true</transferable>
<deleteRule>NO ACTION</deleteRule>
</Relation>
