<?xml version = '1.0' encoding = 'UTF-8'?>
<Relation class="oracle.dbtools.crest.model.design.logical.Relation" name="borrower_reserve_fk" directorySegmentName="seg_0" id="A2AAE546-0388-6B52-43CE-234BC32415F0">
<createdBy>Teh Jia Xuan</createdBy>
<createdTime>2024-09-16 02:57:18 UTC</createdTime>
<ownerDesignName>A1Logical</ownerDesignName>
<engineerTo>
<item key="88B537E9-6CAE-9FD0-F6E7-48A2DEA98808" value="true"/>
</engineerTo>
<sourcePk>91752AE7-DD1E-9204-F5D8-5FBC2A9908CC</sourcePk>
<identifying>false</identifying>
<nameOnSource>has</nameOnSource>
<nameOnTarget> </nameOnTarget>
<optionalSource>true</optionalSource>
<optionalTarget>false</optionalTarget>
<sourceCardinality>1</sourceCardinality>
<sourceEntity>B03542A8-FFED-FAD6-14F4-BBE0253FAD5B</sourceEntity>
<targetCardinalityString>*</targetCardinalityString>
<targetEntity>F0DB49F2-21D0-1E1F-2345-702EA351ADDB</targetEntity>
<transferable>true</transferable>
<deleteRule>NO ACTION</deleteRule>
</Relation>
