<?xml version = '1.0' encoding = 'UTF-8'?>
<Relation class="oracle.dbtools.crest.model.design.logical.Relation" name="branch_borrower_fk" directorySegmentName="seg_0" id="D0420E75-91EF-2F0E-B971-BFAC1D7EEDB6">
<createdBy>Teh Jia Xuan</createdBy>
<createdTime>2024-09-13 17:49:56 UTC</createdTime>
<ownerDesignName>A1Logical</ownerDesignName>
<engineerTo>
<item key="88B537E9-6CAE-9FD0-F6E7-48A2DEA98808" value="true"/>
</engineerTo>
<sourcePk>54081044-F55A-7D3B-CC96-21303C4E4381</sourcePk>
<identifying>false</identifying>
<nameOnSource> </nameOnSource>
<nameOnTarget>Has a home branch</nameOnTarget>
<optionalSource>true</optionalSource>
<optionalTarget>false</optionalTarget>
<sourceCardinality>1</sourceCardinality>
<sourceEntity>2D146D19-B43F-5EA5-06DA-FC0659E58F45</sourceEntity>
<targetCardinalityString>*</targetCardinalityString>
<targetEntity>B03542A8-FFED-FAD6-14F4-BBE0253FAD5B</targetEntity>
<transferable>true</transferable>
<deleteRule>NO ACTION</deleteRule>
</Relation>
