<?xml version = '1.0' encoding = 'UTF-8'?>
<Relation class="oracle.dbtools.crest.model.design.logical.Relation" name="bookcopy_loan_fk" directorySegmentName="seg_0" id="F0F613FF-8870-D13B-3FAA-381CE91FF956">
<createdBy>Teh Jia Xuan</createdBy>
<createdTime>2024-09-13 17:57:30 UTC</createdTime>
<ownerDesignName>A1Logical</ownerDesignName>
<engineerTo>
<item key="88B537E9-6CAE-9FD0-F6E7-48A2DEA98808" value="true"/>
</engineerTo>
<sourcePk>6829C3A8-6AF4-37B8-77FA-A20D40AAA86F</sourcePk>
<identifying>false</identifying>
<nameOnSource>records for</nameOnSource>
<nameOnTarget> </nameOnTarget>
<optionalSource>true</optionalSource>
<optionalTarget>false</optionalTarget>
<sourceCardinality>1</sourceCardinality>
<sourceEntity>052FE11E-F332-E0F5-6407-8356D9EEE31D</sourceEntity>
<targetCardinalityString>*</targetCardinalityString>
<targetEntity>1F35EC88-45D2-8D8C-72B8-358F64E4827A</targetEntity>
<transferable>true</transferable>
<deleteRule>NO ACTION</deleteRule>
</Relation>
