<?xml version = '1.0' encoding = 'UTF-8'?>
<Relation class="oracle.dbtools.crest.model.design.logical.Relation" name="cata_isbn_fk" directorySegmentName="seg_0" id="F6F21E90-038A-6663-67B6-A1BC682C2093">
<createdBy>Teh Jia Xuan</createdBy>
<createdTime>2024-09-13 17:58:50 UTC</createdTime>
<ownerDesignName>A1Logical</ownerDesignName>
<engineerTo>
<item key="88B537E9-6CAE-9FD0-F6E7-48A2DEA98808" value="true"/>
</engineerTo>
<sourcePk>C972783D-6C42-F60D-8656-F3BD408C1134</sourcePk>
<identifying>false</identifying>
<nameOnSource>have</nameOnSource>
<nameOnTarget> </nameOnTarget>
<optionalSource>false</optionalSource>
<optionalTarget>false</optionalTarget>
<sourceCardinality>1</sourceCardinality>
<sourceEntity>2C73939D-7D05-36E0-A482-F756F31DB906</sourceEntity>
<targetCardinalityString>*</targetCardinalityString>
<targetEntity>767BEA53-902C-1D4F-34E2-B392FC273C10</targetEntity>
<transferable>true</transferable>
<deleteRule>NO ACTION</deleteRule>
</Relation>
