<?xml version = '1.0' encoding = 'UTF-8'?>
<Entity class="oracle.dbtools.crest.model.design.logical.Entity" directorySegmentName="seg_0" id="052FE11E-F332-E0F5-6407-8356D9EEE31D" name="BOOK_COPY">
<createdBy>User</createdBy>
<createdTime>2024-09-13 16:12:27 UTC</createdTime>
<ownerDesignName>A1Logical</ownerDesignName>
<engineerTo>
<item key="88B537E9-6CAE-9FD0-F6E7-48A2DEA98808" value="true"/>
</engineerTo>
<adequatelyNormalized>NO</adequatelyNormalized>
<expectedVolumes>0</expectedVolumes>
<fwdEngineeringStrategyName>Single Table</fwdEngineeringStrategyName>
<growthPercent>0</growthPercent>
<growthType>Year</growthType>
<maxVolumes>9999999</maxVolumes>
<minVolumes>0</minVolumes>
<normalForm>Third</normalForm>
<attributes itemClass="oracle.dbtools.crest.model.design.logical.Attribute">
<Attribute name="bookcopy_id" id="E6C86AF8-DB97-A584-244A-D6B8498ADC1D">
<createdBy>User</createdBy>
<createdTime>2024-09-13 16:53:18 UTC</createdTime>
<commentInRDBMS><![CDATA[book copy id]]></commentInRDBMS>
<ownerDesignName>A1Logical</ownerDesignName>
<engineerTo>
<item key="88B537E9-6CAE-9FD0-F6E7-48A2DEA98808" value="true"/>
</engineerTo>
<useDomainConstraints>false</useDomainConstraints>
<use>1</use>
<logicalDatatype>LOGDT019</logicalDatatype>
<dataTypePrecision>10</dataTypePrecision>
<ownDataTypeParameters>,10,</ownDataTypeParameters>
</Attribute>
<Attribute name="branch_code" id="278F7D66-3321-6550-A942-2CD64DD1C874">
<createdBy>Teh Jia Xuan</createdBy>
<createdTime>2024-09-13 17:56:37 UTC</createdTime>
<commentInRDBMS><![CDATA[branch code]]></commentInRDBMS>
<generatorID>60E062E2-CF00-F053-C44E-A0DEDB95D5A4</generatorID>
<ownerDesignName>A1Logical</ownerDesignName>
<engineerTo>
<item key="88B537E9-6CAE-9FD0-F6E7-48A2DEA98808" value="true"/>
</engineerTo>
<referedAttribute>F27B7681-EC73-E0FE-05DE-EDE44D029FA0</referedAttribute>
<useDomainConstraints>false</useDomainConstraints>
<use>1</use>
<logicalDatatype>LOGDT019</logicalDatatype>
<dataTypePrecision>10</dataTypePrecision>
<ownDataTypeParameters>,10,</ownDataTypeParameters>
</Attribute>
<Attribute name="bookcopy_flag" id="31BD43CC-E681-D62B-6796-6BB907B5A831">
<createdBy>User</createdBy>
<createdTime>2024-09-14 03:18:30 UTC</createdTime>
<commentInRDBMS><![CDATA[flag (Reserve, R, On Loan, L, Available, A, Stolen, S, Lost/Gone, G, Damage, D)]]></commentInRDBMS>
<ownerDesignName>A1Logical</ownerDesignName>
<engineerTo>
<item key="88B537E9-6CAE-9FD0-F6E7-48A2DEA98808" value="true"/>
</engineerTo>
<constraintName>chk_bookcopy_status</constraintName>
<useDomainConstraints>false</useDomainConstraints>
<use>1</use>
<logicalDatatype>LOGDT025</logicalDatatype>
<dataTypeSize>1</dataTypeSize>
<listOfValues>
<valueDef value="A" description="Available for borrowing"/>
<valueDef value="D" description="Damaged"/>
<valueDef value="G" description="Lost/Gone"/>
<valueDef value="L" description="On Loan"/>
<valueDef value="R" description="Counter Reserve"/>
<valueDef value="S" description="Stolen"/>
</listOfValues>
<ownDataTypeParameters>1,,</ownDataTypeParameters>
</Attribute>
<Attribute name="bookcopy_price" id="9C8CFD73-9834-AE97-A412-592CD30CCFE9">
<createdBy>User</createdBy>
<createdTime>2024-09-14 03:19:23 UTC</createdTime>
<commentInRDBMS><![CDATA[Price to purchase  bookcopy]]></commentInRDBMS>
<ownerDesignName>A1Logical</ownerDesignName>
<engineerTo>
<item key="88B537E9-6CAE-9FD0-F6E7-48A2DEA98808" value="true"/>
</engineerTo>
<useDomainConstraints>false</useDomainConstraints>
<use>1</use>
<logicalDatatype>LOGDT019</logicalDatatype>
<dataTypePrecision>4</dataTypePrecision>
<dataTypeScale>2</dataTypeScale>
<ownDataTypeParameters>,4,2</ownDataTypeParameters>
</Attribute>
<Attribute name="isbn_no" id="B8C6A680-DB84-7E46-04FA-AF974C84AB01">
<createdBy>Teh Jia Xuan</createdBy>
<createdTime>2024-09-15 02:14:54 UTC</createdTime>
<commentInRDBMS><![CDATA[ISBN code]]></commentInRDBMS>
<generatorID>597E948A-7900-29CB-1CEB-64D6C8043B0E</generatorID>
<ownerDesignName>A1Logical</ownerDesignName>
<engineerTo>
<item key="88B537E9-6CAE-9FD0-F6E7-48A2DEA98808" value="true"/>
</engineerTo>
<referedAttribute>A4A25E14-58A8-66C4-FEF1-152D6356E61C</referedAttribute>
<useDomainConstraints>false</useDomainConstraints>
<use>1</use>
<logicalDatatype>LOGDT019</logicalDatatype>
<dataTypePrecision>13</dataTypePrecision>
<ownDataTypeParameters>,13,</ownDataTypeParameters>
</Attribute>
</attributes>
<identifiers itemClass="oracle.dbtools.crest.model.design.logical.CandidateKey">
<identifier id="6829C3A8-6AF4-37B8-77FA-A20D40AAA86F" name="BOOK_COPY PK">
<createdBy>User</createdBy>
<createdTime>2024-09-13 16:53:42 UTC</createdTime>
<ownerDesignName>A1Logical</ownerDesignName>
<engineerTo>
<item key="88B537E9-6CAE-9FD0-F6E7-48A2DEA98808" value="true"/>
</engineerTo>
<pk>true</pk>
<usedAttributes>
<attributeRef>E6C86AF8-DB97-A584-244A-D6B8498ADC1D</attributeRef>
<attributeRef>278F7D66-3321-6550-A942-2CD64DD1C874</attributeRef>
</usedAttributes>
</identifier>
</identifiers>
</Entity>
