<?xml version = '1.0' encoding = 'UTF-8'?>
<Entity class="oracle.dbtools.crest.model.design.logical.Entity" directorySegmentName="seg_0" id="1F35EC88-45D2-8D8C-72B8-358F64E4827A" name="LOAN">
<createdBy>User</createdBy>
<createdTime>2024-09-13 16:12:19 UTC</createdTime>
<ownerDesignName>A1Logical</ownerDesignName>
<engineerTo>
<item key="88B537E9-6CAE-9FD0-F6E7-48A2DEA98808" value="true"/>
</engineerTo>
<adequatelyNormalized>NO</adequatelyNormalized>
<expectedVolumes>0</expectedVolumes>
<fwdEngineeringStrategyName>Single Table</fwdEngineeringStrategyName>
<growthPercent>0</growthPercent>
<growthType>Year</growthType>
<maxVolumes>9999999</maxVolumes>
<minVolumes>0</minVolumes>
<normalForm>Third</normalForm>
<attributes itemClass="oracle.dbtools.crest.model.design.logical.Attribute">
<Attribute name="loan_id" id="0B968631-651E-918F-E89C-2A9D5CDCF5DC">
<createdBy>User</createdBy>
<createdTime>2024-09-14 11:22:23 UTC</createdTime>
<commentInRDBMS><![CDATA[Loan ID (Surrogate Key)]]></commentInRDBMS>
<ownerDesignName>A1Logical</ownerDesignName>
<engineerTo>
<item key="88B537E9-6CAE-9FD0-F6E7-48A2DEA98808" value="true"/>
</engineerTo>
<useDomainConstraints>false</useDomainConstraints>
<use>1</use>
<logicalDatatype>LOGDT019</logicalDatatype>
<dataTypePrecision>4</dataTypePrecision>
<ownDataTypeParameters>,4,</ownDataTypeParameters>
</Attribute>
<Attribute name="loan_datetime" id="FF33C8AF-9DE6-45AF-2288-6523F15655CD">
<createdBy>User</createdBy>
<createdTime>2024-09-13 16:56:09 UTC</createdTime>
<commentInRDBMS><![CDATA[loan datetime]]></commentInRDBMS>
<ownerDesignName>A1Logical</ownerDesignName>
<engineerTo>
<item key="88B537E9-6CAE-9FD0-F6E7-48A2DEA98808" value="true"/>
</engineerTo>
<useDomainConstraints>false</useDomainConstraints>
<use>1</use>
<logicalDatatype>LOGDT007</logicalDatatype>
<ownDataTypeParameters>,,</ownDataTypeParameters>
</Attribute>
<Attribute name="bookcopy_id" id="81F5DD75-C726-0500-EF7C-5EA6E7215285">
<createdBy>Teh Jia Xuan</createdBy>
<createdTime>2024-09-13 17:57:30 UTC</createdTime>
<commentInRDBMS><![CDATA[book copy id]]></commentInRDBMS>
<generatorID>F0F613FF-8870-D13B-3FAA-381CE91FF956</generatorID>
<ownerDesignName>A1Logical</ownerDesignName>
<engineerTo>
<item key="88B537E9-6CAE-9FD0-F6E7-48A2DEA98808" value="true"/>
</engineerTo>
<referedAttribute>E6C86AF8-DB97-A584-244A-D6B8498ADC1D</referedAttribute>
<useDomainConstraints>false</useDomainConstraints>
<use>1</use>
<logicalDatatype>LOGDT019</logicalDatatype>
<dataTypePrecision>10</dataTypePrecision>
<ownDataTypeParameters>,10,</ownDataTypeParameters>
</Attribute>
<Attribute name="branch_code" id="AC8CC95E-FFAA-AC23-7304-0D39E303B3B0">
<createdBy>Teh Jia Xuan</createdBy>
<createdTime>2024-09-13 17:57:30 UTC</createdTime>
<commentInRDBMS><![CDATA[branch code]]></commentInRDBMS>
<generatorID>F0F613FF-8870-D13B-3FAA-381CE91FF956</generatorID>
<ownerDesignName>A1Logical</ownerDesignName>
<engineerTo>
<item key="88B537E9-6CAE-9FD0-F6E7-48A2DEA98808" value="true"/>
</engineerTo>
<referedAttribute>278F7D66-3321-6550-A942-2CD64DD1C874</referedAttribute>
<useDomainConstraints>false</useDomainConstraints>
<use>1</use>
<logicalDatatype>LOGDT019</logicalDatatype>
<dataTypePrecision>10</dataTypePrecision>
<ownDataTypeParameters>,10,</ownDataTypeParameters>
</Attribute>
<Attribute name="borrower_id" id="75E9EFED-270C-8C2F-CA2B-78E897F3DC33">
<createdBy>Teh Jia Xuan</createdBy>
<createdTime>2024-09-13 18:01:47 UTC</createdTime>
<commentInRDBMS><![CDATA[borrower id]]></commentInRDBMS>
<generatorID>96A1C3CA-8722-59C1-45A9-87648391065C</generatorID>
<ownerDesignName>A1Logical</ownerDesignName>
<engineerTo>
<item key="88B537E9-6CAE-9FD0-F6E7-48A2DEA98808" value="true"/>
</engineerTo>
<referedAttribute>4D9EAF52-56D4-1364-D762-2E73A60FA878</referedAttribute>
<useDomainConstraints>false</useDomainConstraints>
<use>1</use>
<logicalDatatype>LOGDT019</logicalDatatype>
<dataTypePrecision>10</dataTypePrecision>
<ownDataTypeParameters>,10,</ownDataTypeParameters>
</Attribute>
<Attribute name="loan_due_back" id="B0C0CEDE-69D5-82C2-8077-91F32B9930A5">
<createdBy>User</createdBy>
<createdTime>2024-09-14 03:21:28 UTC</createdTime>
<commentInRDBMS><![CDATA[Due date to return bookcopy to branch]]></commentInRDBMS>
<ownerDesignName>A1Logical</ownerDesignName>
<engineerTo>
<item key="88B537E9-6CAE-9FD0-F6E7-48A2DEA98808" value="true"/>
</engineerTo>
<useDomainConstraints>false</useDomainConstraints>
<use>1</use>
<logicalDatatype>LOGDT007</logicalDatatype>
<ownDataTypeParameters>,,</ownDataTypeParameters>
</Attribute>
<Attribute name="loan_return_datetime" id="C6C6A5A2-A7E8-B14B-CC8A-9F4A0EA16BAB">
<createdBy>User</createdBy>
<createdTime>2024-09-14 03:21:52 UTC</createdTime>
<commentInRDBMS><![CDATA[Date and time for book returned to branch]]></commentInRDBMS>
<ownerDesignName>A1Logical</ownerDesignName>
<engineerTo>
<item key="88B537E9-6CAE-9FD0-F6E7-48A2DEA98808" value="true"/>
</engineerTo>
<nullsAllowed>true</nullsAllowed>
<useDomainConstraints>false</useDomainConstraints>
<use>1</use>
<logicalDatatype>LOGDT007</logicalDatatype>
<ownDataTypeParameters>,,</ownDataTypeParameters>
</Attribute>
<Attribute name="loan_fine_amnt" id="7E315184-2A90-6AE5-8905-94C2507A91B6">
<createdBy>User</createdBy>
<createdTime>2024-09-15 05:48:40 UTC</createdTime>
<commentInRDBMS><![CDATA[Amount to pay back for overdue loan]]></commentInRDBMS>
<ownerDesignName>A1Logical</ownerDesignName>
<engineerTo>
<item key="88B537E9-6CAE-9FD0-F6E7-48A2DEA98808" value="true"/>
</engineerTo>
<nullsAllowed>true</nullsAllowed>
<useDomainConstraints>false</useDomainConstraints>
<use>1</use>
<logicalDatatype>LOGDT019</logicalDatatype>
<dataTypePrecision>5</dataTypePrecision>
<dataTypeScale>2</dataTypeScale>
<ownDataTypeParameters>,5,2</ownDataTypeParameters>
</Attribute>
<Attribute name="loan_date_fine_paid" id="2EA68371-D6FE-F38A-A8FF-B293DD6CE7E3">
<createdBy>User</createdBy>
<createdTime>2024-09-15 05:49:19 UTC</createdTime>
<commentInRDBMS><![CDATA[Date of loan fine paid]]></commentInRDBMS>
<ownerDesignName>A1Logical</ownerDesignName>
<engineerTo>
<item key="88B537E9-6CAE-9FD0-F6E7-48A2DEA98808" value="true"/>
</engineerTo>
<nullsAllowed>true</nullsAllowed>
<useDomainConstraints>false</useDomainConstraints>
<use>1</use>
<logicalDatatype>LOGDT007</logicalDatatype>
<ownDataTypeParameters>,,</ownDataTypeParameters>
</Attribute>
</attributes>
<identifiers itemClass="oracle.dbtools.crest.model.design.logical.CandidateKey">
<identifier id="13F4D07D-CD13-B364-ABF7-2FF85357F169" name="LOAN PK">
<createdBy>User</createdBy>
<createdTime>2024-09-13 16:56:20 UTC</createdTime>
<ownerDesignName>A1Logical</ownerDesignName>
<engineerTo>
<item key="88B537E9-6CAE-9FD0-F6E7-48A2DEA98808" value="true"/>
</engineerTo>
<pk>true</pk>
<usedAttributes>
<attributeRef>0B968631-651E-918F-E89C-2A9D5CDCF5DC</attributeRef>
</usedAttributes>
</identifier>
<identifier id="30ABBFAE-F362-307A-1558-75708215B0D9" name="LOAN_ID_NK">
<createdBy>User</createdBy>
<createdTime>2024-09-14 11:24:27 UTC</createdTime>
<ownerDesignName>A1Logical</ownerDesignName>
<engineerTo>
<item key="88B537E9-6CAE-9FD0-F6E7-48A2DEA98808" value="true"/>
</engineerTo>
<newElementsIDs>FF33C8AF-9DE6-45AF-2288-6523F15655CD,81F5DD75-C726-0500-EF7C-5EA6E7215285,AC8CC95E-FFAA-AC23-7304-0D39E303B3B0</newElementsIDs>
<usedAttributes>
<attributeRef>FF33C8AF-9DE6-45AF-2288-6523F15655CD</attributeRef>
<attributeRef>81F5DD75-C726-0500-EF7C-5EA6E7215285</attributeRef>
<attributeRef>AC8CC95E-FFAA-AC23-7304-0D39E303B3B0</attributeRef>
</usedAttributes>
</identifier>
</identifiers>
</Entity>
