<?xml version = '1.0' encoding = 'UTF-8'?>
<Entity class="oracle.dbtools.crest.model.design.logical.Entity" directorySegmentName="seg_0" id="2C73939D-7D05-36E0-A482-F756F31DB906" name="CATALOGUE_ENTRY">
<createdBy>User</createdBy>
<createdTime>2024-09-13 16:13:13 UTC</createdTime>
<ownerDesignName>A1Logical</ownerDesignName>
<engineerTo>
<item key="88B537E9-6CAE-9FD0-F6E7-48A2DEA98808" value="true"/>
</engineerTo>
<adequatelyNormalized>NO</adequatelyNormalized>
<expectedVolumes>0</expectedVolumes>
<fwdEngineeringStrategyName>Single Table</fwdEngineeringStrategyName>
<growthPercent>0</growthPercent>
<growthType>Year</growthType>
<maxVolumes>9999999</maxVolumes>
<minVolumes>0</minVolumes>
<normalForm>Third</normalForm>
<attributes itemClass="oracle.dbtools.crest.model.design.logical.Attribute">
<Attribute name="cata_call_no" id="3BAD8ABE-907E-E774-8C50-6FBA03D1D74B">
<createdBy>User</createdBy>
<createdTime>2024-09-13 16:53:52 UTC</createdTime>
<commentInRDBMS><![CDATA[Catalogue call ID]]></commentInRDBMS>
<ownerDesignName>A1Logical</ownerDesignName>
<engineerTo>
<item key="88B537E9-6CAE-9FD0-F6E7-48A2DEA98808" value="true"/>
</engineerTo>
<useDomainConstraints>false</useDomainConstraints>
<use>1</use>
<logicalDatatype>LOGDT024</logicalDatatype>
<dataTypeSize>30</dataTypeSize>
<ownDataTypeParameters>30,,</ownDataTypeParameters>
</Attribute>
<Attribute name="publisher_id" id="95F7EBDC-3711-05AA-FF00-12D340454A01">
<createdBy>Teh Jia Xuan</createdBy>
<createdTime>2024-09-13 18:00:10 UTC</createdTime>
<commentInRDBMS><![CDATA[publisher id]]></commentInRDBMS>
<generatorID>3FFF3397-15B2-3649-450C-A412CEE73C59</generatorID>
<ownerDesignName>A1Logical</ownerDesignName>
<engineerTo>
<item key="88B537E9-6CAE-9FD0-F6E7-48A2DEA98808" value="true"/>
</engineerTo>
<referedAttribute>54920EB1-73D0-24D7-CE6C-CB739015A572</referedAttribute>
<useDomainConstraints>false</useDomainConstraints>
<use>1</use>
<logicalDatatype>LOGDT019</logicalDatatype>
<dataTypePrecision>10</dataTypePrecision>
<ownDataTypeParameters>,10,</ownDataTypeParameters>
</Attribute>
<Attribute name="cata_title" id="DAD092CA-7704-3DCC-CDD1-C4FDFCEFB4DB">
<createdBy>User</createdBy>
<createdTime>2024-09-14 03:25:05 UTC</createdTime>
<commentInRDBMS><![CDATA[Catalogue title]]></commentInRDBMS>
<ownerDesignName>A1Logical</ownerDesignName>
<engineerTo>
<item key="88B537E9-6CAE-9FD0-F6E7-48A2DEA98808" value="true"/>
</engineerTo>
<useDomainConstraints>false</useDomainConstraints>
<use>1</use>
<logicalDatatype>LOGDT024</logicalDatatype>
<dataTypeSize>50</dataTypeSize>
<ownDataTypeParameters>50,,</ownDataTypeParameters>
</Attribute>
<Attribute name="cata_content" id="7027B687-14DA-5E4A-D962-84609A21CB63">
<createdBy>User</createdBy>
<createdTime>2024-09-14 03:25:42 UTC</createdTime>
<commentInRDBMS><![CDATA[Catalogue description]]></commentInRDBMS>
<ownerDesignName>A1Logical</ownerDesignName>
<engineerTo>
<item key="88B537E9-6CAE-9FD0-F6E7-48A2DEA98808" value="true"/>
</engineerTo>
<useDomainConstraints>false</useDomainConstraints>
<use>1</use>
<logicalDatatype>LOGDT024</logicalDatatype>
<dataTypeSize>500</dataTypeSize>
<ownDataTypeParameters>500,,</ownDataTypeParameters>
</Attribute>
<Attribute name="cata_published_date" id="87194C9A-BF8B-AEAB-8677-9914F1DF167C">
<createdBy>User</createdBy>
<createdTime>2024-09-14 03:26:08 UTC</createdTime>
<commentInRDBMS><![CDATA[Date of catalogue published]]></commentInRDBMS>
<ownerDesignName>A1Logical</ownerDesignName>
<engineerTo>
<item key="88B537E9-6CAE-9FD0-F6E7-48A2DEA98808" value="true"/>
</engineerTo>
<useDomainConstraints>false</useDomainConstraints>
<use>1</use>
<logicalDatatype>LOGDT019</logicalDatatype>
<dataTypePrecision>4</dataTypePrecision>
<ownDataTypeParameters>,4,</ownDataTypeParameters>
</Attribute>
<Attribute name="cata_classification" id="A25568E5-2BF9-CED9-C30C-7F19C01503B4">
<createdBy>User</createdBy>
<createdTime>2024-09-14 03:26:49 UTC</createdTime>
<commentInRDBMS><![CDATA[Classification of catalogue genre (Reference, R, Fiction, F)]]></commentInRDBMS>
<ownerDesignName>A1Logical</ownerDesignName>
<engineerTo>
<item key="88B537E9-6CAE-9FD0-F6E7-48A2DEA98808" value="true"/>
</engineerTo>
<constraintName>chk_cataclass</constraintName>
<useDomainConstraints>false</useDomainConstraints>
<use>1</use>
<logicalDatatype>LOGDT025</logicalDatatype>
<dataTypeSize>1</dataTypeSize>
<listOfValues>
<valueDef value="F" description="Fiction"/>
<valueDef value="R" description="Reference"/>
</listOfValues>
<ownDataTypeParameters>1,,</ownDataTypeParameters>
</Attribute>
<Attribute name="cata_page_no" id="3957CD83-1B1D-A00F-622F-3C04FDE054BC">
<createdBy>User</createdBy>
<createdTime>2024-09-14 03:27:26 UTC</createdTime>
<commentInRDBMS><![CDATA[Number of pages]]></commentInRDBMS>
<ownerDesignName>A1Logical</ownerDesignName>
<engineerTo>
<item key="88B537E9-6CAE-9FD0-F6E7-48A2DEA98808" value="true"/>
</engineerTo>
<useDomainConstraints>false</useDomainConstraints>
<use>1</use>
<logicalDatatype>LOGDT019</logicalDatatype>
<dataTypePrecision>4</dataTypePrecision>
<ownDataTypeParameters>,4,</ownDataTypeParameters>
</Attribute>
<Attribute name="cata_reading_level" id="40D37C02-18B8-D736-C869-60F0D985290B">
<createdBy>User</createdBy>
<createdTime>2024-09-14 03:27:55 UTC</createdTime>
<commentInRDBMS><![CDATA[Reading level of catalogue]]></commentInRDBMS>
<ownerDesignName>A1Logical</ownerDesignName>
<engineerTo>
<item key="88B537E9-6CAE-9FD0-F6E7-48A2DEA98808" value="true"/>
</engineerTo>
<nullsAllowed>true</nullsAllowed>
<useDomainConstraints>false</useDomainConstraints>
<use>1</use>
<logicalDatatype>LOGDT019</logicalDatatype>
<dataTypePrecision>2</dataTypePrecision>
<ownDataTypeParameters>,2,</ownDataTypeParameters>
</Attribute>
<Attribute name="cata_language" id="75CF937E-64A2-0040-3BD6-26B9122B95E3">
<createdBy>User</createdBy>
<createdTime>2024-09-14 14:46:52 UTC</createdTime>
<commentInRDBMS><![CDATA[Language used]]></commentInRDBMS>
<ownerDesignName>A1Logical</ownerDesignName>
<engineerTo>
<item key="88B537E9-6CAE-9FD0-F6E7-48A2DEA98808" value="true"/>
</engineerTo>
<useDomainConstraints>false</useDomainConstraints>
<use>1</use>
<logicalDatatype>LOGDT024</logicalDatatype>
<dataTypeSize>20</dataTypeSize>
<ownDataTypeParameters>20,,</ownDataTypeParameters>
</Attribute>
<Attribute name="cata_note" id="60B6D3EE-1B7C-20E8-934D-41FC849A0EF7">
<createdBy>User</createdBy>
<createdTime>2024-09-14 14:47:53 UTC</createdTime>
<commentInRDBMS><![CDATA[catalogue notes]]></commentInRDBMS>
<ownerDesignName>A1Logical</ownerDesignName>
<engineerTo>
<item key="88B537E9-6CAE-9FD0-F6E7-48A2DEA98808" value="true"/>
</engineerTo>
<nullsAllowed>true</nullsAllowed>
<useDomainConstraints>false</useDomainConstraints>
<use>1</use>
<logicalDatatype>LOGDT024</logicalDatatype>
<dataTypeSize>200</dataTypeSize>
<ownDataTypeParameters>200,,</ownDataTypeParameters>
</Attribute>
<Attribute name="cata_edition" id="F3E62B0B-FB84-D9BF-9273-1E428E5FA14F">
<createdBy>User</createdBy>
<createdTime>2024-09-14 14:51:00 UTC</createdTime>
<commentInRDBMS><![CDATA[Edition number]]></commentInRDBMS>
<ownerDesignName>A1Logical</ownerDesignName>
<engineerTo>
<item key="88B537E9-6CAE-9FD0-F6E7-48A2DEA98808" value="true"/>
</engineerTo>
<nullsAllowed>true</nullsAllowed>
<useDomainConstraints>false</useDomainConstraints>
<use>1</use>
<logicalDatatype>LOGDT024</logicalDatatype>
<dataTypeSize>20</dataTypeSize>
<ownDataTypeParameters>20,,</ownDataTypeParameters>
</Attribute>
</attributes>
<identifiers itemClass="oracle.dbtools.crest.model.design.logical.CandidateKey">
<identifier id="C972783D-6C42-F60D-8656-F3BD408C1134" name="CATALOGUE_ENTRY PK">
<createdBy>User</createdBy>
<createdTime>2024-09-13 16:54:05 UTC</createdTime>
<ownerDesignName>A1Logical</ownerDesignName>
<shouldEngineer>false</shouldEngineer>
<engineerTo>
<item key="88B537E9-6CAE-9FD0-F6E7-48A2DEA98808" value="false"/>
</engineerTo>
<pk>true</pk>
<usedAttributes>
<attributeRef>3BAD8ABE-907E-E774-8C50-6FBA03D1D74B</attributeRef>
</usedAttributes>
</identifier>
</identifiers>
</Entity>
