<?xml version = '1.0' encoding = 'UTF-8'?>
<Entity class="oracle.dbtools.crest.model.design.logical.Entity" directorySegmentName="seg_0" id="2C8751FE-F7A2-62CF-BB80-75ADEE8990DB" name="LGA">
<createdBy>User</createdBy>
<createdTime>2024-09-13 16:11:35 UTC</createdTime>
<ownerDesignName>A1Logical</ownerDesignName>
<engineerTo>
<item key="88B537E9-6CAE-9FD0-F6E7-48A2DEA98808" value="true"/>
</engineerTo>
<adequatelyNormalized>NO</adequatelyNormalized>
<expectedVolumes>0</expectedVolumes>
<fwdEngineeringStrategyName>Single Table</fwdEngineeringStrategyName>
<growthPercent>0</growthPercent>
<growthType>Year</growthType>
<maxVolumes>9999999</maxVolumes>
<minVolumes>0</minVolumes>
<normalForm>Third</normalForm>
<attributes itemClass="oracle.dbtools.crest.model.design.logical.Attribute">
<Attribute name="lga_code" id="FF5CAB06-F2AD-8271-00D9-E9B4742E14D1">
<createdBy>User</createdBy>
<createdTime>2024-09-13 16:55:04 UTC</createdTime>
<commentInRDBMS><![CDATA[lga code]]></commentInRDBMS>
<ownerDesignName>A1Logical</ownerDesignName>
<engineerTo>
<item key="88B537E9-6CAE-9FD0-F6E7-48A2DEA98808" value="true"/>
</engineerTo>
<useDomainConstraints>false</useDomainConstraints>
<use>1</use>
<logicalDatatype>LOGDT019</logicalDatatype>
<dataTypePrecision>10</dataTypePrecision>
<ownDataTypeParameters>,10,</ownDataTypeParameters>
</Attribute>
<Attribute name="lga_name" id="E5B8A3BE-141C-D2B5-5725-ED1FE94B771E">
<createdBy>User</createdBy>
<createdTime>2024-09-14 03:07:26 UTC</createdTime>
<commentInRDBMS><![CDATA[LGA name]]></commentInRDBMS>
<ownerDesignName>A1Logical</ownerDesignName>
<engineerTo>
<item key="88B537E9-6CAE-9FD0-F6E7-48A2DEA98808" value="true"/>
</engineerTo>
<useDomainConstraints>false</useDomainConstraints>
<use>1</use>
<logicalDatatype>LOGDT024</logicalDatatype>
<dataTypeSize>50</dataTypeSize>
<ownDataTypeParameters>50,,</ownDataTypeParameters>
</Attribute>
<Attribute name="lga_size" id="66DAD024-7E80-0AEF-F027-7D9D34A072E7">
<createdBy>User</createdBy>
<createdTime>2024-09-14 03:08:01 UTC</createdTime>
<commentInRDBMS><![CDATA[LGA Size in hectares]]></commentInRDBMS>
<ownerDesignName>A1Logical</ownerDesignName>
<engineerTo>
<item key="88B537E9-6CAE-9FD0-F6E7-48A2DEA98808" value="true"/>
</engineerTo>
<useDomainConstraints>false</useDomainConstraints>
<use>1</use>
<logicalDatatype>LOGDT019</logicalDatatype>
<dataTypePrecision>5</dataTypePrecision>
<dataTypeScale>2</dataTypeScale>
<ownDataTypeParameters>,5,2</ownDataTypeParameters>
</Attribute>
<Attribute name="lga_contact" id="310C0914-1232-E4DB-16FD-93393E080A53">
<createdBy>User</createdBy>
<createdTime>2024-09-14 03:09:27 UTC</createdTime>
<commentInRDBMS><![CDATA[LGA Service Contact Name]]></commentInRDBMS>
<ownerDesignName>A1Logical</ownerDesignName>
<engineerTo>
<item key="88B537E9-6CAE-9FD0-F6E7-48A2DEA98808" value="true"/>
</engineerTo>
<useDomainConstraints>false</useDomainConstraints>
<use>1</use>
<logicalDatatype>LOGDT024</logicalDatatype>
<dataTypeSize>20</dataTypeSize>
<ownDataTypeParameters>20,,</ownDataTypeParameters>
</Attribute>
<Attribute name="lga_phone_no" id="84D8D9E6-E75F-2DB3-9CA3-32FEF0399302">
<createdBy>User</createdBy>
<createdTime>2024-09-14 03:10:36 UTC</createdTime>
<commentInRDBMS><![CDATA[LGA phone number]]></commentInRDBMS>
<ownerDesignName>A1Logical</ownerDesignName>
<engineerTo>
<item key="88B537E9-6CAE-9FD0-F6E7-48A2DEA98808" value="true"/>
</engineerTo>
<useDomainConstraints>false</useDomainConstraints>
<use>1</use>
<logicalDatatype>LOGDT025</logicalDatatype>
<dataTypeSize>12</dataTypeSize>
<ownDataTypeParameters>12,,</ownDataTypeParameters>
</Attribute>
</attributes>
<identifiers itemClass="oracle.dbtools.crest.model.design.logical.CandidateKey">
<identifier id="747BE799-91A0-E362-DD57-554021B57A2D" name="LGA PK">
<createdBy>User</createdBy>
<createdTime>2024-09-13 16:55:13 UTC</createdTime>
<ownerDesignName>A1Logical</ownerDesignName>
<engineerTo>
<item key="88B537E9-6CAE-9FD0-F6E7-48A2DEA98808" value="true"/>
</engineerTo>
<pk>true</pk>
<usedAttributes>
<attributeRef>FF5CAB06-F2AD-8271-00D9-E9B4742E14D1</attributeRef>
</usedAttributes>
</identifier>
</identifiers>
</Entity>
