<?xml version = '1.0' encoding = 'UTF-8'?>
<Entity class="oracle.dbtools.crest.model.design.logical.Entity" directorySegmentName="seg_0" id="2D146D19-B43F-5EA5-06DA-FC0659E58F45" name="BRANCH">
<createdBy>User</createdBy>
<createdTime>2024-09-13 16:11:41 UTC</createdTime>
<ownerDesignName>A1Logical</ownerDesignName>
<engineerTo>
<item key="88B537E9-6CAE-9FD0-F6E7-48A2DEA98808" value="true"/>
</engineerTo>
<adequatelyNormalized>NO</adequatelyNormalized>
<expectedVolumes>0</expectedVolumes>
<fwdEngineeringStrategyName>Single Table</fwdEngineeringStrategyName>
<growthPercent>0</growthPercent>
<growthType>Year</growthType>
<maxVolumes>9999999</maxVolumes>
<minVolumes>0</minVolumes>
<normalForm>Third</normalForm>
<attributes itemClass="oracle.dbtools.crest.model.design.logical.Attribute">
<Attribute name="branch_code" id="F27B7681-EC73-E0FE-05DE-EDE44D029FA0">
<createdBy>User</createdBy>
<createdTime>2024-09-13 16:55:20 UTC</createdTime>
<commentInRDBMS><![CDATA[branch code]]></commentInRDBMS>
<ownerDesignName>A1Logical</ownerDesignName>
<engineerTo>
<item key="88B537E9-6CAE-9FD0-F6E7-48A2DEA98808" value="true"/>
</engineerTo>
<useDomainConstraints>false</useDomainConstraints>
<use>1</use>
<logicalDatatype>LOGDT019</logicalDatatype>
<dataTypePrecision>10</dataTypePrecision>
<ownDataTypeParameters>,10,</ownDataTypeParameters>
</Attribute>
<Attribute name="lga_code" id="469EF27C-5522-B2DC-B163-702D0E274612">
<createdBy>Teh Jia Xuan</createdBy>
<createdTime>2024-09-13 17:45:52 UTC</createdTime>
<commentInRDBMS><![CDATA[lga code]]></commentInRDBMS>
<generatorID>46168820-A9AD-177F-F9FB-10FBCD3F874A</generatorID>
<ownerDesignName>A1Logical</ownerDesignName>
<engineerTo>
<item key="88B537E9-6CAE-9FD0-F6E7-48A2DEA98808" value="true"/>
</engineerTo>
<referedAttribute>FF5CAB06-F2AD-8271-00D9-E9B4742E14D1</referedAttribute>
<useDomainConstraints>false</useDomainConstraints>
<use>1</use>
<logicalDatatype>LOGDT019</logicalDatatype>
<dataTypePrecision>10</dataTypePrecision>
<ownDataTypeParameters>,,</ownDataTypeParameters>
</Attribute>
<Attribute name="manager_id" id="90F87F6D-376E-554D-4504-B5FB076930C9">
<createdBy>Teh Jia Xuan</createdBy>
<createdTime>2024-09-13 17:54:14 UTC</createdTime>
<commentInRDBMS><![CDATA[manager id]]></commentInRDBMS>
<generatorID>06C405E7-C811-CFB6-6E0D-F7B34C69E9D0</generatorID>
<ownerDesignName>A1Logical</ownerDesignName>
<engineerTo>
<item key="88B537E9-6CAE-9FD0-F6E7-48A2DEA98808" value="true"/>
</engineerTo>
<referedAttribute>2D5827A2-3FB5-E8BA-CE1F-0B35382EC567</referedAttribute>
<useDomainConstraints>false</useDomainConstraints>
<use>1</use>
<logicalDatatype>LOGDT019</logicalDatatype>
<dataTypePrecision>10</dataTypePrecision>
<ownDataTypeParameters>,,</ownDataTypeParameters>
</Attribute>
<Attribute name="branch_name" id="8D88D2B8-6AF0-007F-7891-7135ACFD896E">
<createdBy>User</createdBy>
<createdTime>2024-09-14 03:12:34 UTC</createdTime>
<commentInRDBMS><![CDATA[Name of Branch]]></commentInRDBMS>
<ownerDesignName>A1Logical</ownerDesignName>
<engineerTo>
<item key="88B537E9-6CAE-9FD0-F6E7-48A2DEA98808" value="true"/>
</engineerTo>
<useDomainConstraints>false</useDomainConstraints>
<use>1</use>
<logicalDatatype>LOGDT024</logicalDatatype>
<dataTypeSize>20</dataTypeSize>
<ownDataTypeParameters>20,,</ownDataTypeParameters>
</Attribute>
<Attribute name="branch_address" id="FAA9FF53-7BCD-79D9-03CB-000216E553F9">
<createdBy>User</createdBy>
<createdTime>2024-09-14 03:13:42 UTC</createdTime>
<commentInRDBMS><![CDATA[Branch address]]></commentInRDBMS>
<ownerDesignName>A1Logical</ownerDesignName>
<engineerTo>
<item key="88B537E9-6CAE-9FD0-F6E7-48A2DEA98808" value="true"/>
</engineerTo>
<useDomainConstraints>false</useDomainConstraints>
<use>1</use>
<logicalDatatype>LOGDT024</logicalDatatype>
<dataTypeSize>50</dataTypeSize>
<ownDataTypeParameters>50,,</ownDataTypeParameters>
</Attribute>
<Attribute name="branch_phone_no" id="2B3BDAE2-45A8-D9B7-7063-442CD4181903">
<createdBy>User</createdBy>
<createdTime>2024-09-14 03:15:15 UTC</createdTime>
<commentInRDBMS><![CDATA[Branch phone number]]></commentInRDBMS>
<ownerDesignName>A1Logical</ownerDesignName>
<engineerTo>
<item key="88B537E9-6CAE-9FD0-F6E7-48A2DEA98808" value="true"/>
</engineerTo>
<useDomainConstraints>false</useDomainConstraints>
<use>1</use>
<logicalDatatype>LOGDT025</logicalDatatype>
<dataTypeSize>12</dataTypeSize>
<ownDataTypeParameters>12,,</ownDataTypeParameters>
</Attribute>
</attributes>
<identifiers itemClass="oracle.dbtools.crest.model.design.logical.CandidateKey">
<identifier id="54081044-F55A-7D3B-CC96-21303C4E4381" name="BRANCH PK">
<createdBy>User</createdBy>
<createdTime>2024-09-13 16:55:34 UTC</createdTime>
<ownerDesignName>A1Logical</ownerDesignName>
<engineerTo>
<item key="88B537E9-6CAE-9FD0-F6E7-48A2DEA98808" value="true"/>
</engineerTo>
<pk>true</pk>
<usedAttributes>
<attributeRef>F27B7681-EC73-E0FE-05DE-EDE44D029FA0</attributeRef>
</usedAttributes>
</identifier>
</identifiers>
</Entity>
