<?xml version = '1.0' encoding = 'UTF-8'?>
<Entity class="oracle.dbtools.crest.model.design.logical.Entity" directorySegmentName="seg_0" id="2E3C8DD0-DC00-BC44-C9EC-B44B73DA77E2" name="MANAGER">
<createdBy>User</createdBy>
<createdTime>2024-09-13 16:11:51 UTC</createdTime>
<ownerDesignName>A1Logical</ownerDesignName>
<engineerTo>
<item key="88B537E9-6CAE-9FD0-F6E7-48A2DEA98808" value="true"/>
</engineerTo>
<adequatelyNormalized>NO</adequatelyNormalized>
<expectedVolumes>0</expectedVolumes>
<fwdEngineeringStrategyName>Single Table</fwdEngineeringStrategyName>
<growthPercent>0</growthPercent>
<growthType>Year</growthType>
<maxVolumes>9999999</maxVolumes>
<minVolumes>0</minVolumes>
<normalForm>Third</normalForm>
<attributes itemClass="oracle.dbtools.crest.model.design.logical.Attribute">
<Attribute name="manager_id" id="2D5827A2-3FB5-E8BA-CE1F-0B35382EC567">
<createdBy>User</createdBy>
<createdTime>2024-09-13 16:54:38 UTC</createdTime>
<commentInRDBMS><![CDATA[manager id]]></commentInRDBMS>
<ownerDesignName>A1Logical</ownerDesignName>
<engineerTo>
<item key="88B537E9-6CAE-9FD0-F6E7-48A2DEA98808" value="true"/>
</engineerTo>
<useDomainConstraints>false</useDomainConstraints>
<use>1</use>
<logicalDatatype>LOGDT019</logicalDatatype>
<dataTypePrecision>10</dataTypePrecision>
<ownDataTypeParameters>,10,</ownDataTypeParameters>
</Attribute>
<Attribute name="branch_code" id="AC02F151-A2B2-E226-E105-51369620DCF9">
<createdBy>Teh Jia Xuan</createdBy>
<createdTime>2024-09-13 17:52:11 UTC</createdTime>
<commentInRDBMS><![CDATA[branch code]]></commentInRDBMS>
<generatorID>318920BA-9BA6-09E0-D04A-8A08AEF0D2BE</generatorID>
<ownerDesignName>A1Logical</ownerDesignName>
<engineerTo>
<item key="88B537E9-6CAE-9FD0-F6E7-48A2DEA98808" value="true"/>
</engineerTo>
<referedAttribute>F27B7681-EC73-E0FE-05DE-EDE44D029FA0</referedAttribute>
<useDomainConstraints>false</useDomainConstraints>
<use>1</use>
<logicalDatatype>LOGDT019</logicalDatatype>
<dataTypePrecision>10</dataTypePrecision>
<ownDataTypeParameters>,,</ownDataTypeParameters>
</Attribute>
<Attribute name="manager_fname" id="AB5487C4-08C5-118A-1C0E-B5364E729640">
<createdBy>User</createdBy>
<createdTime>2024-09-14 03:16:28 UTC</createdTime>
<commentInRDBMS><![CDATA[Manager's first name]]></commentInRDBMS>
<ownerDesignName>A1Logical</ownerDesignName>
<engineerTo>
<item key="88B537E9-6CAE-9FD0-F6E7-48A2DEA98808" value="true"/>
</engineerTo>
<useDomainConstraints>false</useDomainConstraints>
<use>1</use>
<logicalDatatype>LOGDT024</logicalDatatype>
<dataTypeSize>20</dataTypeSize>
<ownDataTypeParameters>20,,</ownDataTypeParameters>
</Attribute>
<Attribute name="manager_lname" id="C2AD7F22-EB4B-4895-5D22-B504D517AEB7">
<createdBy>User</createdBy>
<createdTime>2024-09-14 03:16:55 UTC</createdTime>
<commentInRDBMS><![CDATA[Manager's last name]]></commentInRDBMS>
<ownerDesignName>A1Logical</ownerDesignName>
<engineerTo>
<item key="88B537E9-6CAE-9FD0-F6E7-48A2DEA98808" value="true"/>
</engineerTo>
<useDomainConstraints>false</useDomainConstraints>
<use>1</use>
<logicalDatatype>LOGDT024</logicalDatatype>
<dataTypeSize>20</dataTypeSize>
<ownDataTypeParameters>20,,</ownDataTypeParameters>
</Attribute>
<Attribute name="manager_phone_no" id="8D3F8AC4-22ED-A82B-E3F1-68E5E04BE005">
<createdBy>User</createdBy>
<createdTime>2024-09-14 03:17:35 UTC</createdTime>
<commentInRDBMS><![CDATA[Manager's phone number]]></commentInRDBMS>
<ownerDesignName>A1Logical</ownerDesignName>
<engineerTo>
<item key="88B537E9-6CAE-9FD0-F6E7-48A2DEA98808" value="true"/>
</engineerTo>
<useDomainConstraints>false</useDomainConstraints>
<use>1</use>
<logicalDatatype>LOGDT025</logicalDatatype>
<dataTypeSize>12</dataTypeSize>
<ownDataTypeParameters>12,,</ownDataTypeParameters>
</Attribute>
</attributes>
<identifiers itemClass="oracle.dbtools.crest.model.design.logical.CandidateKey">
<identifier id="F88386C8-3A23-FA11-B733-EC4F598E406C" name="MANAGER PK">
<createdBy>User</createdBy>
<createdTime>2024-09-13 16:56:44 UTC</createdTime>
<ownerDesignName>A1Logical</ownerDesignName>
<engineerTo>
<item key="88B537E9-6CAE-9FD0-F6E7-48A2DEA98808" value="true"/>
</engineerTo>
<pk>true</pk>
<usedAttributes>
<attributeRef>2D5827A2-3FB5-E8BA-CE1F-0B35382EC567</attributeRef>
</usedAttributes>
</identifier>
</identifiers>
</Entity>
