<?xml version = '1.0' encoding = 'UTF-8'?>
<Entity class="oracle.dbtools.crest.model.design.logical.Entity" directorySegmentName="seg_0" id="554DC5A5-42C1-9566-4259-632982FDA0B5" name="AUTHOR">
<createdBy>User</createdBy>
<createdTime>2024-09-13 16:13:38 UTC</createdTime>
<ownerDesignName>A1Logical</ownerDesignName>
<engineerTo>
<item key="88B537E9-6CAE-9FD0-F6E7-48A2DEA98808" value="true"/>
</engineerTo>
<adequatelyNormalized>NO</adequatelyNormalized>
<expectedVolumes>0</expectedVolumes>
<fwdEngineeringStrategyName>Single Table</fwdEngineeringStrategyName>
<growthPercent>0</growthPercent>
<growthType>Year</growthType>
<maxVolumes>9999999</maxVolumes>
<minVolumes>0</minVolumes>
<normalForm>Third</normalForm>
<attributes itemClass="oracle.dbtools.crest.model.design.logical.Attribute">
<Attribute name="author_id" id="8ACBA6A6-842C-79A0-E9CC-6BF1F1A35AF5">
<createdBy>User</createdBy>
<createdTime>2024-09-13 16:51:56 UTC</createdTime>
<commentInRDBMS><![CDATA[author id]]></commentInRDBMS>
<ownerDesignName>A1Logical</ownerDesignName>
<engineerTo>
<item key="88B537E9-6CAE-9FD0-F6E7-48A2DEA98808" value="true"/>
</engineerTo>
<useDomainConstraints>false</useDomainConstraints>
<use>1</use>
<logicalDatatype>LOGDT019</logicalDatatype>
<dataTypePrecision>4</dataTypePrecision>
<ownDataTypeParameters>,4,</ownDataTypeParameters>
</Attribute>
<Attribute name="author_fname" id="2FDD96E6-7262-49EA-887D-8426C743F8D7">
<createdBy>User</createdBy>
<createdTime>2024-09-14 03:24:15 UTC</createdTime>
<commentInRDBMS><![CDATA[Author's first name]]></commentInRDBMS>
<ownerDesignName>A1Logical</ownerDesignName>
<engineerTo>
<item key="88B537E9-6CAE-9FD0-F6E7-48A2DEA98808" value="true"/>
</engineerTo>
<useDomainConstraints>false</useDomainConstraints>
<use>1</use>
<logicalDatatype>LOGDT024</logicalDatatype>
<dataTypeSize>20</dataTypeSize>
<ownDataTypeParameters>20,,</ownDataTypeParameters>
</Attribute>
<Attribute name="author_lname" id="8B8E9405-2782-2738-F987-B1FFB5016223">
<createdBy>User</createdBy>
<createdTime>2024-09-14 03:24:33 UTC</createdTime>
<commentInRDBMS><![CDATA[Author's last name]]></commentInRDBMS>
<ownerDesignName>A1Logical</ownerDesignName>
<engineerTo>
<item key="88B537E9-6CAE-9FD0-F6E7-48A2DEA98808" value="true"/>
</engineerTo>
<useDomainConstraints>false</useDomainConstraints>
<use>1</use>
<logicalDatatype>LOGDT024</logicalDatatype>
<dataTypeSize>20</dataTypeSize>
<ownDataTypeParameters>20,,</ownDataTypeParameters>
</Attribute>
</attributes>
<identifiers itemClass="oracle.dbtools.crest.model.design.logical.CandidateKey">
<identifier id="79C28FC5-7D03-9C37-5311-1EB55CA1C2F9" name="AUTHOR PK">
<createdBy>User</createdBy>
<createdTime>2024-09-13 16:52:02 UTC</createdTime>
<ownerDesignName>A1Logical</ownerDesignName>
<engineerTo>
<item key="88B537E9-6CAE-9FD0-F6E7-48A2DEA98808" value="true"/>
</engineerTo>
<pk>true</pk>
<usedAttributes>
<attributeRef>8ACBA6A6-842C-79A0-E9CC-6BF1F1A35AF5</attributeRef>
</usedAttributes>
</identifier>
</identifiers>
</Entity>
