<?xml version = '1.0' encoding = 'UTF-8'?>
<Entity class="oracle.dbtools.crest.model.design.logical.Entity" directorySegmentName="seg_0" id="5E52A5AC-524A-B0B6-B90E-B24889556936" name="BORROWER_CLASS">
<createdBy>Teh Jia Xuan</createdBy>
<createdTime>2024-09-14 05:30:40 UTC</createdTime>
<ownerDesignName>A1Logical</ownerDesignName>
<engineerTo>
<item key="88B537E9-6CAE-9FD0-F6E7-48A2DEA98808" value="true"/>
</engineerTo>
<adequatelyNormalized>NO</adequatelyNormalized>
<expectedVolumes>0</expectedVolumes>
<fwdEngineeringStrategyName>Single Table</fwdEngineeringStrategyName>
<growthPercent>0</growthPercent>
<growthType>Year</growthType>
<maxVolumes>9999999</maxVolumes>
<minVolumes>0</minVolumes>
<normalForm>Third</normalForm>
<attributes itemClass="oracle.dbtools.crest.model.design.logical.Attribute">
<Attribute name="borrow_class_type" id="1FD523A1-A66B-4AAB-BF8C-7D6EDE480305">
<createdBy>Teh Jia Xuan</createdBy>
<createdTime>2024-09-14 05:31:03 UTC</createdTime>
<commentInRDBMS><![CDATA[Borrower Class (Adult, A, Child, C, Organisation, O)]]></commentInRDBMS>
<ownerDesignName>A1Logical</ownerDesignName>
<engineerTo>
<item key="88B537E9-6CAE-9FD0-F6E7-48A2DEA98808" value="true"/>
</engineerTo>
<constraintName>chk_borrower_classtype</constraintName>
<useDomainConstraints>false</useDomainConstraints>
<use>1</use>
<logicalDatatype>LOGDT025</logicalDatatype>
<dataTypeSize>1</dataTypeSize>
<listOfValues>
<valueDef value="A" description="Adult"/>
<valueDef value="C" description="Child"/>
<valueDef value="O" description="Organization"/>
</listOfValues>
<ownDataTypeParameters>1,,</ownDataTypeParameters>
</Attribute>
<Attribute name="borrow_class_bookamt" id="3A5699BF-C014-5776-0CA6-B16DA8C3DE55">
<createdBy>Teh Jia Xuan</createdBy>
<createdTime>2024-09-17 07:57:57 UTC</createdTime>
<commentInRDBMS><![CDATA[book amount that allowed by that class]]></commentInRDBMS>
<ownerDesignName>A1Logical</ownerDesignName>
<engineerTo>
<item key="88B537E9-6CAE-9FD0-F6E7-48A2DEA98808" value="true"/>
</engineerTo>
<useDomainConstraints>false</useDomainConstraints>
<use>1</use>
<logicalDatatype>LOGDT019</logicalDatatype>
<dataTypePrecision>2</dataTypePrecision>
<ownDataTypeParameters>,2,</ownDataTypeParameters>
</Attribute>
<Attribute name="borrow_class_loan_period" id="34DF8A51-6AAA-D0D9-C44A-74DDF8F86837">
<createdBy>Teh Jia Xuan</createdBy>
<createdTime>2024-09-14 05:35:30 UTC</createdTime>
<commentInRDBMS><![CDATA[Loan period allowed for class]]></commentInRDBMS>
<ownerDesignName>A1Logical</ownerDesignName>
<engineerTo>
<item key="88B537E9-6CAE-9FD0-F6E7-48A2DEA98808" value="true"/>
</engineerTo>
<useDomainConstraints>false</useDomainConstraints>
<use>1</use>
<logicalDatatype>LOGDT019</logicalDatatype>
<dataTypePrecision>2</dataTypePrecision>
<ownDataTypeParameters>,2,</ownDataTypeParameters>
</Attribute>
</attributes>
<identifiers itemClass="oracle.dbtools.crest.model.design.logical.CandidateKey">
<identifier id="847E015F-72A4-1735-429B-835C245D2C7F" name="BORROWER_CLASS PK">
<createdBy>Teh Jia Xuan</createdBy>
<createdTime>2024-09-14 05:35:22 UTC</createdTime>
<ownerDesignName>A1Logical</ownerDesignName>
<engineerTo>
<item key="88B537E9-6CAE-9FD0-F6E7-48A2DEA98808" value="true"/>
</engineerTo>
<pk>true</pk>
<usedAttributes>
<attributeRef>1FD523A1-A66B-4AAB-BF8C-7D6EDE480305</attributeRef>
</usedAttributes>
</identifier>
</identifiers>
</Entity>
