<?xml version = '1.0' encoding = 'UTF-8'?>
<Entity class="oracle.dbtools.crest.model.design.logical.Entity" directorySegmentName="seg_0" id="767BEA53-902C-1D4F-34E2-B392FC273C10" name="ISBN">
<createdBy>User</createdBy>
<createdTime>2024-09-13 16:14:13 UTC</createdTime>
<ownerDesignName>A1Logical</ownerDesignName>
<engineerTo>
<item key="88B537E9-6CAE-9FD0-F6E7-48A2DEA98808" value="true"/>
</engineerTo>
<adequatelyNormalized>NO</adequatelyNormalized>
<expectedVolumes>0</expectedVolumes>
<fwdEngineeringStrategyName>Single Table</fwdEngineeringStrategyName>
<growthPercent>0</growthPercent>
<growthType>Year</growthType>
<maxVolumes>9999999</maxVolumes>
<minVolumes>0</minVolumes>
<normalForm>Third</normalForm>
<attributes itemClass="oracle.dbtools.crest.model.design.logical.Attribute">
<Attribute name="isbn_no" id="A4A25E14-58A8-66C4-FEF1-152D6356E61C">
<createdBy>User</createdBy>
<createdTime>2024-09-13 16:52:52 UTC</createdTime>
<commentInRDBMS><![CDATA[ISBN code]]></commentInRDBMS>
<ownerDesignName>A1Logical</ownerDesignName>
<engineerTo>
<item key="88B537E9-6CAE-9FD0-F6E7-48A2DEA98808" value="true"/>
</engineerTo>
<useDomainConstraints>false</useDomainConstraints>
<use>1</use>
<logicalDatatype>LOGDT019</logicalDatatype>
<dataTypePrecision>13</dataTypePrecision>
<ownDataTypeParameters>,13,</ownDataTypeParameters>
</Attribute>
<Attribute name="cata_call_no" id="AD25C6B5-FE91-F643-AD4B-E576A0B326F6">
<createdBy>Teh Jia Xuan</createdBy>
<createdTime>2024-09-13 17:58:50 UTC</createdTime>
<commentInRDBMS><![CDATA[Catalogue call ID]]></commentInRDBMS>
<generatorID>F6F21E90-038A-6663-67B6-A1BC682C2093</generatorID>
<ownerDesignName>A1Logical</ownerDesignName>
<engineerTo>
<item key="88B537E9-6CAE-9FD0-F6E7-48A2DEA98808" value="true"/>
</engineerTo>
<referedAttribute>3BAD8ABE-907E-E774-8C50-6FBA03D1D74B</referedAttribute>
<useDomainConstraints>false</useDomainConstraints>
<use>1</use>
<logicalDatatype>LOGDT024</logicalDatatype>
<dataTypeSize>30</dataTypeSize>
<ownDataTypeParameters>30,,</ownDataTypeParameters>
</Attribute>
<Attribute name="isbn_covertype" id="02BCD370-0A1B-C818-298F-B4788954CAF2">
<createdBy>Teh Jia Xuan</createdBy>
<createdTime>2024-09-15 02:13:39 UTC</createdTime>
<commentInRDBMS><![CDATA[Cover book type]]></commentInRDBMS>
<ownerDesignName>A1Logical</ownerDesignName>
<engineerTo>
<item key="88B537E9-6CAE-9FD0-F6E7-48A2DEA98808" value="true"/>
</engineerTo>
<useDomainConstraints>false</useDomainConstraints>
<use>1</use>
<logicalDatatype>LOGDT024</logicalDatatype>
<dataTypeSize>20</dataTypeSize>
<ownDataTypeParameters>20,,</ownDataTypeParameters>
</Attribute>
</attributes>
<identifiers itemClass="oracle.dbtools.crest.model.design.logical.CandidateKey">
<identifier id="0C90101B-1F70-2E80-424E-835C9DAA7233" name="ISBN PK">
<createdBy>User</createdBy>
<createdTime>2024-09-13 16:52:57 UTC</createdTime>
<ownerDesignName>A1Logical</ownerDesignName>
<engineerTo>
<item key="88B537E9-6CAE-9FD0-F6E7-48A2DEA98808" value="true"/>
</engineerTo>
<pk>true</pk>
<usedAttributes>
<attributeRef>A4A25E14-58A8-66C4-FEF1-152D6356E61C</attributeRef>
</usedAttributes>
</identifier>
</identifiers>
</Entity>
