<?xml version = '1.0' encoding = 'UTF-8'?>
<Entity class="oracle.dbtools.crest.model.design.logical.Entity" directorySegmentName="seg_0" id="9DE0A86D-0BF3-0F39-3004-EC0CC9AB9B48" name="AUTHOR_CALL">
<createdBy>User</createdBy>
<createdTime>2024-09-14 14:45:59 UTC</createdTime>
<ownerDesignName>A1Logical</ownerDesignName>
<engineerTo>
<item key="88B537E9-6CAE-9FD0-F6E7-48A2DEA98808" value="true"/>
</engineerTo>
<adequatelyNormalized>NO</adequatelyNormalized>
<expectedVolumes>0</expectedVolumes>
<fwdEngineeringStrategyName>Single Table</fwdEngineeringStrategyName>
<growthPercent>0</growthPercent>
<growthType>Year</growthType>
<maxVolumes>9999999</maxVolumes>
<minVolumes>0</minVolumes>
<normalForm>Third</normalForm>
<attributes itemClass="oracle.dbtools.crest.model.design.logical.Attribute">
<Attribute name="ac_no" id="FC44B549-B020-95C7-99E1-FDCE89BC09C8">
<createdBy>Teh Jia Xuan</createdBy>
<createdTime>2024-09-17 08:41:45 UTC</createdTime>
<commentInRDBMS><![CDATA[author catalogue entry (surrogate pk)]]></commentInRDBMS>
<ownerDesignName>A1Logical</ownerDesignName>
<engineerTo>
<item key="88B537E9-6CAE-9FD0-F6E7-48A2DEA98808" value="true"/>
</engineerTo>
<useDomainConstraints>false</useDomainConstraints>
<use>1</use>
<logicalDatatype>LOGDT019</logicalDatatype>
<dataTypePrecision>4</dataTypePrecision>
<ownDataTypeParameters>,4,</ownDataTypeParameters>
</Attribute>
<Attribute name="author_id" id="0B4987F6-5B70-C080-026C-8429414CDEF0">
<createdBy>User</createdBy>
<createdTime>2024-09-14 14:53:27 UTC</createdTime>
<commentInRDBMS><![CDATA[author id]]></commentInRDBMS>
<generatorID>5B367922-7B69-098B-1800-872405C4F6E5</generatorID>
<ownerDesignName>A1Logical</ownerDesignName>
<engineerTo>
<item key="88B537E9-6CAE-9FD0-F6E7-48A2DEA98808" value="true"/>
</engineerTo>
<referedAttribute>8ACBA6A6-842C-79A0-E9CC-6BF1F1A35AF5</referedAttribute>
<useDomainConstraints>false</useDomainConstraints>
<use>1</use>
<logicalDatatype>LOGDT019</logicalDatatype>
<dataTypePrecision>4</dataTypePrecision>
<ownDataTypeParameters>,,</ownDataTypeParameters>
</Attribute>
<Attribute name="cata_call_no" id="94470069-4505-4CAA-FD49-5F285F1E9B1D">
<createdBy>User</createdBy>
<createdTime>2024-09-14 14:54:26 UTC</createdTime>
<commentInRDBMS><![CDATA[Catalogue call ID]]></commentInRDBMS>
<generatorID>5F099C59-1813-F7F7-6055-8543ADD5EE1B</generatorID>
<ownerDesignName>A1Logical</ownerDesignName>
<engineerTo>
<item key="88B537E9-6CAE-9FD0-F6E7-48A2DEA98808" value="true"/>
</engineerTo>
<referedAttribute>3BAD8ABE-907E-E774-8C50-6FBA03D1D74B</referedAttribute>
<useDomainConstraints>false</useDomainConstraints>
<use>1</use>
<logicalDatatype>LOGDT024</logicalDatatype>
<dataTypeSize>30</dataTypeSize>
<ownDataTypeParameters>,,</ownDataTypeParameters>
</Attribute>
</attributes>
<identifiers itemClass="oracle.dbtools.crest.model.design.logical.CandidateKey">
<identifier id="FA1C90A5-5C0E-79A5-7517-53F1B49E8F3F" name="AUTHOR_CALL PK">
<createdBy>User</createdBy>
<createdTime>2024-09-14 14:53:55 UTC</createdTime>
<ownerDesignName>A1Logical</ownerDesignName>
<engineerTo>
<item key="88B537E9-6CAE-9FD0-F6E7-48A2DEA98808" value="true"/>
</engineerTo>
<pk>true</pk>
<newElementsIDs>FC44B549-B020-95C7-99E1-FDCE89BC09C8</newElementsIDs>
<usedAttributes>
<attributeRef>FC44B549-B020-95C7-99E1-FDCE89BC09C8</attributeRef>
</usedAttributes>
</identifier>
<identifier id="84643A53-5BC7-2226-4B92-71EA6EE09DB3" name="AUTHOR_CALL NK">
<createdBy>Teh Jia Xuan</createdBy>
<createdTime>2024-09-17 08:43:31 UTC</createdTime>
<ownerDesignName>A1Logical</ownerDesignName>
<engineerTo>
<item key="88B537E9-6CAE-9FD0-F6E7-48A2DEA98808" value="true"/>
</engineerTo>
<newElementsIDs>5F099C59-1813-F7F7-6055-8543ADD5EE1B,5B367922-7B69-098B-1800-872405C4F6E5</newElementsIDs>
<usedAttributes>
<attributeRef>94470069-4505-4CAA-FD49-5F285F1E9B1D</attributeRef>
<attributeRef>0B4987F6-5B70-C080-026C-8429414CDEF0</attributeRef>
</usedAttributes>
</identifier>
</identifiers>
</Entity>
