<?xml version = '1.0' encoding = 'UTF-8'?>
<Entity class="oracle.dbtools.crest.model.design.logical.Entity" directorySegmentName="seg_0" id="B03542A8-FFED-FAD6-14F4-BBE0253FAD5B" name="BORROWER">
<createdBy>User</createdBy>
<createdTime>2024-09-13 16:13:02 UTC</createdTime>
<ownerDesignName>A1Logical</ownerDesignName>
<engineerTo>
<item key="88B537E9-6CAE-9FD0-F6E7-48A2DEA98808" value="true"/>
</engineerTo>
<adequatelyNormalized>NO</adequatelyNormalized>
<expectedVolumes>0</expectedVolumes>
<fwdEngineeringStrategyName>Single Table</fwdEngineeringStrategyName>
<growthPercent>0</growthPercent>
<growthType>Year</growthType>
<maxVolumes>9999999</maxVolumes>
<minVolumes>0</minVolumes>
<normalForm>Third</normalForm>
<attributes itemClass="oracle.dbtools.crest.model.design.logical.Attribute">
<Attribute name="borrower_id" id="4D9EAF52-56D4-1364-D762-2E73A60FA878">
<createdBy>User</createdBy>
<createdTime>2024-09-13 16:54:15 UTC</createdTime>
<commentInRDBMS><![CDATA[borrower id]]></commentInRDBMS>
<ownerDesignName>A1Logical</ownerDesignName>
<engineerTo>
<item key="88B537E9-6CAE-9FD0-F6E7-48A2DEA98808" value="true"/>
</engineerTo>
<useDomainConstraints>false</useDomainConstraints>
<use>1</use>
<logicalDatatype>LOGDT019</logicalDatatype>
<dataTypePrecision>10</dataTypePrecision>
<ownDataTypeParameters>,10,</ownDataTypeParameters>
</Attribute>
<Attribute name="branch_code" id="367D06F6-EDA4-DBE1-A195-A13A8E0F9490">
<createdBy>Teh Jia Xuan</createdBy>
<createdTime>2024-09-13 17:49:56 UTC</createdTime>
<commentInRDBMS><![CDATA[branch code]]></commentInRDBMS>
<generatorID>D0420E75-91EF-2F0E-B971-BFAC1D7EEDB6</generatorID>
<ownerDesignName>A1Logical</ownerDesignName>
<engineerTo>
<item key="88B537E9-6CAE-9FD0-F6E7-48A2DEA98808" value="true"/>
</engineerTo>
<referedAttribute>F27B7681-EC73-E0FE-05DE-EDE44D029FA0</referedAttribute>
<useDomainConstraints>false</useDomainConstraints>
<use>1</use>
<logicalDatatype>LOGDT019</logicalDatatype>
<dataTypePrecision>10</dataTypePrecision>
<ownDataTypeParameters>,,</ownDataTypeParameters>
</Attribute>
<Attribute name="borrower_fname" id="70500206-5DB9-32BE-6727-881A6C43DD50">
<createdBy>User</createdBy>
<createdTime>2024-09-14 03:22:48 UTC</createdTime>
<commentInRDBMS><![CDATA[Borrower's first name]]></commentInRDBMS>
<ownerDesignName>A1Logical</ownerDesignName>
<engineerTo>
<item key="88B537E9-6CAE-9FD0-F6E7-48A2DEA98808" value="true"/>
</engineerTo>
<useDomainConstraints>false</useDomainConstraints>
<use>1</use>
<logicalDatatype>LOGDT024</logicalDatatype>
<dataTypeSize>20</dataTypeSize>
<ownDataTypeParameters>20,,</ownDataTypeParameters>
</Attribute>
<Attribute name="borrower_lname" id="B6831097-1264-84C1-297D-D8257B2AF934">
<createdBy>User</createdBy>
<createdTime>2024-09-14 03:23:19 UTC</createdTime>
<commentInRDBMS><![CDATA[Borrower's last name]]></commentInRDBMS>
<ownerDesignName>A1Logical</ownerDesignName>
<engineerTo>
<item key="88B537E9-6CAE-9FD0-F6E7-48A2DEA98808" value="true"/>
</engineerTo>
<useDomainConstraints>false</useDomainConstraints>
<use>1</use>
<logicalDatatype>LOGDT024</logicalDatatype>
<dataTypeSize>20</dataTypeSize>
<ownDataTypeParameters>20,,</ownDataTypeParameters>
</Attribute>
<Attribute name="borrower_status" id="8EFF2031-D6A5-4E28-4A6B-3D6931A17CEC">
<createdBy>User</createdBy>
<createdTime>2024-09-15 05:46:42 UTC</createdTime>
<commentInRDBMS><![CDATA[Borrower Status (P - Permitted / B - Banned)]]></commentInRDBMS>
<ownerDesignName>A1Logical</ownerDesignName>
<engineerTo>
<item key="88B537E9-6CAE-9FD0-F6E7-48A2DEA98808" value="true"/>
</engineerTo>
<constraintName>chk_borrower_status</constraintName>
<useDomainConstraints>false</useDomainConstraints>
<use>1</use>
<logicalDatatype>LOGDT025</logicalDatatype>
<dataTypeSize>1</dataTypeSize>
<listOfValues>
<valueDef value="B" description="Banned"/>
<valueDef value="P" description="Permitted"/>
</listOfValues>
<ownDataTypeParameters>1,,</ownDataTypeParameters>
</Attribute>
<Attribute name="borrower_street" id="61DBABD7-A6F3-4384-4B96-A0096DAF5E4C">
<createdBy>User</createdBy>
<createdTime>2024-09-16 09:45:22 UTC</createdTime>
<commentInRDBMS><![CDATA[Borrower Street]]></commentInRDBMS>
<ownerDesignName>A1Logical</ownerDesignName>
<engineerTo>
<item key="88B537E9-6CAE-9FD0-F6E7-48A2DEA98808" value="true"/>
</engineerTo>
<useDomainConstraints>false</useDomainConstraints>
<use>1</use>
<logicalDatatype>LOGDT024</logicalDatatype>
<dataTypeSize>15</dataTypeSize>
<ownDataTypeParameters>15,,</ownDataTypeParameters>
</Attribute>
<Attribute name="borrower_city" id="87A6D764-B26B-0698-C126-311255B937BB">
<createdBy>User</createdBy>
<createdTime>2024-09-16 09:45:50 UTC</createdTime>
<commentInRDBMS><![CDATA[Borrower's city]]></commentInRDBMS>
<ownerDesignName>A1Logical</ownerDesignName>
<engineerTo>
<item key="88B537E9-6CAE-9FD0-F6E7-48A2DEA98808" value="true"/>
</engineerTo>
<useDomainConstraints>false</useDomainConstraints>
<use>1</use>
<logicalDatatype>LOGDT024</logicalDatatype>
<dataTypeSize>15</dataTypeSize>
<ownDataTypeParameters>15,,</ownDataTypeParameters>
</Attribute>
<Attribute name="borrower_postcode" id="F0959435-1FD4-9F46-9943-8F60DE1D3726">
<createdBy>User</createdBy>
<createdTime>2024-09-16 09:46:20 UTC</createdTime>
<commentInRDBMS><![CDATA[Borrower's postcode]]></commentInRDBMS>
<ownerDesignName>A1Logical</ownerDesignName>
<engineerTo>
<item key="88B537E9-6CAE-9FD0-F6E7-48A2DEA98808" value="true"/>
</engineerTo>
<useDomainConstraints>false</useDomainConstraints>
<use>1</use>
<logicalDatatype>LOGDT019</logicalDatatype>
<dataTypePrecision>5</dataTypePrecision>
<ownDataTypeParameters>,5,</ownDataTypeParameters>
</Attribute>
<Attribute name="borrower_state" id="838A0154-977E-74D7-2B58-6020D5499C1D">
<createdBy>User</createdBy>
<createdTime>2024-09-16 09:46:43 UTC</createdTime>
<commentInRDBMS><![CDATA[Borrower's state]]></commentInRDBMS>
<ownerDesignName>A1Logical</ownerDesignName>
<engineerTo>
<item key="88B537E9-6CAE-9FD0-F6E7-48A2DEA98808" value="true"/>
</engineerTo>
<useDomainConstraints>false</useDomainConstraints>
<use>1</use>
<logicalDatatype>LOGDT024</logicalDatatype>
<dataTypeSize>15</dataTypeSize>
<ownDataTypeParameters>15,,</ownDataTypeParameters>
</Attribute>
<Attribute name="borrower_phone_no" id="CD049774-889B-876B-E2F9-6B19DAC1E35F">
<createdBy>Teh Jia Xuan</createdBy>
<createdTime>2024-09-17 07:47:02 UTC</createdTime>
<commentInRDBMS><![CDATA[borrower phone number ]]></commentInRDBMS>
<ownerDesignName>A1Logical</ownerDesignName>
<engineerTo>
<item key="88B537E9-6CAE-9FD0-F6E7-48A2DEA98808" value="true"/>
</engineerTo>
<nullsAllowed>true</nullsAllowed>
<useDomainConstraints>false</useDomainConstraints>
<use>1</use>
<logicalDatatype>LOGDT025</logicalDatatype>
<dataTypeSize>12</dataTypeSize>
<ownDataTypeParameters>12,,</ownDataTypeParameters>
</Attribute>
<Attribute name="borrow_class_type" id="34717F76-DC8A-0E43-5276-292A387723B3">
<createdBy>Teh Jia Xuan</createdBy>
<createdTime>2024-09-17 09:28:57 UTC</createdTime>
<commentInRDBMS><![CDATA[Borrower Class (Adult, A, Child, C, Organisation, O)]]></commentInRDBMS>
<generatorID>3A647AA9-9550-8773-1634-8DAF977B74B7</generatorID>
<ownerDesignName>A1Logical</ownerDesignName>
<engineerTo>
<item key="88B537E9-6CAE-9FD0-F6E7-48A2DEA98808" value="true"/>
</engineerTo>
<referedAttribute>1FD523A1-A66B-4AAB-BF8C-7D6EDE480305</referedAttribute>
<useDomainConstraints>false</useDomainConstraints>
<use>1</use>
<logicalDatatype>LOGDT025</logicalDatatype>
<dataTypeSize>1</dataTypeSize>
<ownDataTypeParameters>,,</ownDataTypeParameters>
</Attribute>
</attributes>
<identifiers itemClass="oracle.dbtools.crest.model.design.logical.CandidateKey">
<identifier id="91752AE7-DD1E-9204-F5D8-5FBC2A9908CC" name="BORROWER PK">
<createdBy>User</createdBy>
<createdTime>2024-09-13 16:54:24 UTC</createdTime>
<ownerDesignName>A1Logical</ownerDesignName>
<engineerTo>
<item key="88B537E9-6CAE-9FD0-F6E7-48A2DEA98808" value="true"/>
</engineerTo>
<pk>true</pk>
<usedAttributes>
<attributeRef>4D9EAF52-56D4-1364-D762-2E73A60FA878</attributeRef>
</usedAttributes>
</identifier>
</identifiers>
</Entity>
