<?xml version = '1.0' encoding = 'UTF-8'?>
<Entity class="oracle.dbtools.crest.model.design.logical.Entity" directorySegmentName="seg_0" id="C42F91FB-2F71-BA30-2C7A-C42A2E76E14E" name="SUBJECT_CALL">
<createdBy>User</createdBy>
<createdTime>2024-09-14 14:42:31 UTC</createdTime>
<ownerDesignName>A1Logical</ownerDesignName>
<engineerTo>
<item key="88B537E9-6CAE-9FD0-F6E7-48A2DEA98808" value="true"/>
</engineerTo>
<adequatelyNormalized>NO</adequatelyNormalized>
<expectedVolumes>0</expectedVolumes>
<fwdEngineeringStrategyName>Single Table</fwdEngineeringStrategyName>
<growthPercent>0</growthPercent>
<growthType>Year</growthType>
<maxVolumes>9999999</maxVolumes>
<minVolumes>0</minVolumes>
<normalForm>Third</normalForm>
<attributes itemClass="oracle.dbtools.crest.model.design.logical.Attribute">
<Attribute name="sc_no" id="A6FA6931-06FF-1258-6396-26B8A42CF10B">
<createdBy>Teh Jia Xuan</createdBy>
<createdTime>2024-09-17 08:47:35 UTC</createdTime>
<commentInRDBMS><![CDATA[surrogate key for subject call entity]]></commentInRDBMS>
<ownerDesignName>A1Logical</ownerDesignName>
<engineerTo>
<item key="88B537E9-6CAE-9FD0-F6E7-48A2DEA98808" value="true"/>
</engineerTo>
<useDomainConstraints>false</useDomainConstraints>
<use>1</use>
<logicalDatatype>LOGDT019</logicalDatatype>
<dataTypePrecision>4</dataTypePrecision>
<ownDataTypeParameters>,4,</ownDataTypeParameters>
</Attribute>
<Attribute name="cata_call_no" id="0CC977DF-26FC-7255-5613-7C4163935D1B">
<createdBy>User</createdBy>
<createdTime>2024-09-14 14:55:58 UTC</createdTime>
<commentInRDBMS><![CDATA[Catalogue call ID]]></commentInRDBMS>
<generatorID>5888FFB1-B2F9-052D-0AC6-1CECBD12D985</generatorID>
<ownerDesignName>A1Logical</ownerDesignName>
<engineerTo>
<item key="88B537E9-6CAE-9FD0-F6E7-48A2DEA98808" value="true"/>
</engineerTo>
<referedAttribute>3BAD8ABE-907E-E774-8C50-6FBA03D1D74B</referedAttribute>
<useDomainConstraints>false</useDomainConstraints>
<use>1</use>
<logicalDatatype>LOGDT024</logicalDatatype>
<dataTypeSize>30</dataTypeSize>
<ownDataTypeParameters>,,</ownDataTypeParameters>
</Attribute>
<Attribute name="subject_id" id="3B06CB83-520B-926B-73A3-E4AB9CB1E87D">
<createdBy>User</createdBy>
<createdTime>2024-09-15 05:51:36 UTC</createdTime>
<commentInRDBMS><![CDATA[Subject ID]]></commentInRDBMS>
<generatorID>7EBA4895-5C07-0F25-0916-D3AED3A8FB42</generatorID>
<ownerDesignName>A1Logical</ownerDesignName>
<engineerTo>
<item key="88B537E9-6CAE-9FD0-F6E7-48A2DEA98808" value="true"/>
</engineerTo>
<referedAttribute>60E5897B-E367-CE8D-87B5-3A7ABD33CA97</referedAttribute>
<useDomainConstraints>false</useDomainConstraints>
<use>1</use>
<logicalDatatype>LOGDT019</logicalDatatype>
<dataTypePrecision>10</dataTypePrecision>
<ownDataTypeParameters>,,</ownDataTypeParameters>
</Attribute>
</attributes>
<identifiers itemClass="oracle.dbtools.crest.model.design.logical.CandidateKey">
<identifier id="81308EB7-6DBA-20C3-957D-5D70C0A4C41C" name="SUBJECT_CALL PK">
<createdBy>User</createdBy>
<createdTime>2024-09-14 14:56:11 UTC</createdTime>
<ownerDesignName>A1Logical</ownerDesignName>
<engineerTo>
<item key="88B537E9-6CAE-9FD0-F6E7-48A2DEA98808" value="true"/>
</engineerTo>
<pk>true</pk>
<newElementsIDs>A6FA6931-06FF-1258-6396-26B8A42CF10B</newElementsIDs>
<usedAttributes>
<attributeRef>A6FA6931-06FF-1258-6396-26B8A42CF10B</attributeRef>
</usedAttributes>
</identifier>
<identifier id="75433EE5-3309-D572-CBE8-578AED098FD6" name="SUBJECT_CALL NK">
<createdBy>Teh Jia Xuan</createdBy>
<createdTime>2024-09-17 08:48:07 UTC</createdTime>
<ownerDesignName>A1Logical</ownerDesignName>
<engineerTo>
<item key="88B537E9-6CAE-9FD0-F6E7-48A2DEA98808" value="true"/>
</engineerTo>
<newElementsIDs>5888FFB1-B2F9-052D-0AC6-1CECBD12D985,7EBA4895-5C07-0F25-0916-D3AED3A8FB42</newElementsIDs>
<usedAttributes>
<attributeRef>0CC977DF-26FC-7255-5613-7C4163935D1B</attributeRef>
<attributeRef>3B06CB83-520B-926B-73A3-E4AB9CB1E87D</attributeRef>
</usedAttributes>
</identifier>
</identifiers>
</Entity>
