<?xml version = '1.0' encoding = 'UTF-8'?>
<Entity class="oracle.dbtools.crest.model.design.logical.Entity" directorySegmentName="seg_0" id="EFF0FBCF-FAAC-9CEB-885C-79AD314B9588" name="SUBJECT">
<createdBy>Teh Jia Xuan</createdBy>
<createdTime>2024-09-15 02:09:02 UTC</createdTime>
<ownerDesignName>A1Logical</ownerDesignName>
<engineerTo>
<item key="88B537E9-6CAE-9FD0-F6E7-48A2DEA98808" value="true"/>
</engineerTo>
<adequatelyNormalized>NO</adequatelyNormalized>
<expectedVolumes>0</expectedVolumes>
<fwdEngineeringStrategyName>Single Table</fwdEngineeringStrategyName>
<growthPercent>0</growthPercent>
<growthType>Year</growthType>
<maxVolumes>9999999</maxVolumes>
<minVolumes>0</minVolumes>
<normalForm>Third</normalForm>
<attributes itemClass="oracle.dbtools.crest.model.design.logical.Attribute">
<Attribute name="subject_id" id="60E5897B-E367-CE8D-87B5-3A7ABD33CA97">
<createdBy>Teh Jia Xuan</createdBy>
<createdTime>2024-09-15 02:09:09 UTC</createdTime>
<commentInRDBMS><![CDATA[Subject ID]]></commentInRDBMS>
<ownerDesignName>A1Logical</ownerDesignName>
<engineerTo>
<item key="88B537E9-6CAE-9FD0-F6E7-48A2DEA98808" value="true"/>
</engineerTo>
<useDomainConstraints>false</useDomainConstraints>
<use>1</use>
<logicalDatatype>LOGDT019</logicalDatatype>
<dataTypePrecision>10</dataTypePrecision>
<ownDataTypeParameters>,10,</ownDataTypeParameters>
</Attribute>
<Attribute name="subject_desc" id="A3B1FB61-B853-A9D4-F9C6-B4E1C55E5584">
<createdBy>Teh Jia Xuan</createdBy>
<createdTime>2024-09-15 02:09:09 UTC</createdTime>
<commentInRDBMS><![CDATA[Description of subject]]></commentInRDBMS>
<ownerDesignName>A1Logical</ownerDesignName>
<engineerTo>
<item key="88B537E9-6CAE-9FD0-F6E7-48A2DEA98808" value="true"/>
</engineerTo>
<useDomainConstraints>false</useDomainConstraints>
<use>1</use>
<logicalDatatype>LOGDT024</logicalDatatype>
<dataTypeSize>100</dataTypeSize>
<ownDataTypeParameters>100,,</ownDataTypeParameters>
</Attribute>
</attributes>
<identifiers itemClass="oracle.dbtools.crest.model.design.logical.CandidateKey">
<identifier id="DD169AC9-8B1F-53D6-BE3B-2D37120ADADE" name="Subject PK">
<createdBy>Teh Jia Xuan</createdBy>
<createdTime>2024-09-15 02:09:29 UTC</createdTime>
<ownerDesignName>A1Logical</ownerDesignName>
<engineerTo>
<item key="88B537E9-6CAE-9FD0-F6E7-48A2DEA98808" value="true"/>
</engineerTo>
<pk>true</pk>
<usedAttributes>
<attributeRef>60E5897B-E367-CE8D-87B5-3A7ABD33CA97</attributeRef>
</usedAttributes>
</identifier>
</identifiers>
</Entity>
