<?xml version = '1.0' encoding = 'UTF-8'?>
<Entity class="oracle.dbtools.crest.model.design.logical.Entity" directorySegmentName="seg_0" id="F0DB49F2-21D0-1E1F-2345-702EA351ADDB" name="RESERVE">
<createdBy>Teh Jia Xuan</createdBy>
<createdTime>2024-09-14 05:37:04 UTC</createdTime>
<ownerDesignName>A1Logical</ownerDesignName>
<engineerTo>
<item key="88B537E9-6CAE-9FD0-F6E7-48A2DEA98808" value="true"/>
</engineerTo>
<adequatelyNormalized>NO</adequatelyNormalized>
<expectedVolumes>0</expectedVolumes>
<fwdEngineeringStrategyName>Single Table</fwdEngineeringStrategyName>
<growthPercent>0</growthPercent>
<growthType>Year</growthType>
<maxVolumes>9999999</maxVolumes>
<minVolumes>0</minVolumes>
<normalForm>Third</normalForm>
<attributes itemClass="oracle.dbtools.crest.model.design.logical.Attribute">
<Attribute name="reserve_no" id="88A181F3-569E-1B87-AE39-88AB2DF09957">
<createdBy>Teh Jia Xuan</createdBy>
<createdTime>2024-09-17 10:05:45 UTC</createdTime>
<commentInRDBMS><![CDATA[surrogate key for reserve]]></commentInRDBMS>
<ownerDesignName>A1Logical</ownerDesignName>
<engineerTo>
<item key="88B537E9-6CAE-9FD0-F6E7-48A2DEA98808" value="true"/>
</engineerTo>
<useDomainConstraints>false</useDomainConstraints>
<use>1</use>
<logicalDatatype>LOGDT019</logicalDatatype>
<dataTypePrecision>5</dataTypePrecision>
<ownDataTypeParameters>,5,</ownDataTypeParameters>
</Attribute>
<Attribute name="reserve_datetime" id="120A8541-3633-135A-B256-BDE579E6FE66">
<createdBy>Teh Jia Xuan</createdBy>
<createdTime>2024-09-14 05:37:11 UTC</createdTime>
<commentInRDBMS><![CDATA[Datetime reserve was applied]]></commentInRDBMS>
<ownerDesignName>A1Logical</ownerDesignName>
<engineerTo>
<item key="88B537E9-6CAE-9FD0-F6E7-48A2DEA98808" value="true"/>
</engineerTo>
<useDomainConstraints>false</useDomainConstraints>
<use>1</use>
<logicalDatatype>LOGDT007</logicalDatatype>
<ownDataTypeParameters>,,</ownDataTypeParameters>
</Attribute>
<Attribute name="reserve_phone_no" id="4D2C8D4C-1C9B-CDBB-6F97-9F748E455C9F">
<createdBy>Teh Jia Xuan</createdBy>
<createdTime>2024-09-17 10:01:10 UTC</createdTime>
<commentInRDBMS><![CDATA[phone no for book reserve]]></commentInRDBMS>
<ownerDesignName>A1Logical</ownerDesignName>
<engineerTo>
<item key="88B537E9-6CAE-9FD0-F6E7-48A2DEA98808" value="true"/>
</engineerTo>
<useDomainConstraints>false</useDomainConstraints>
<use>1</use>
<logicalDatatype>LOGDT019</logicalDatatype>
<dataTypePrecision>12</dataTypePrecision>
<ownDataTypeParameters>,12,</ownDataTypeParameters>
</Attribute>
<Attribute name="borrower_id" id="484B9C3B-AB6A-B397-0CAD-3EF0B56F87D9">
<createdBy>Teh Jia Xuan</createdBy>
<createdTime>2024-09-16 02:57:18 UTC</createdTime>
<commentInRDBMS><![CDATA[borrower id]]></commentInRDBMS>
<generatorID>A2AAE546-0388-6B52-43CE-234BC32415F0</generatorID>
<ownerDesignName>A1Logical</ownerDesignName>
<engineerTo>
<item key="88B537E9-6CAE-9FD0-F6E7-48A2DEA98808" value="true"/>
</engineerTo>
<referedAttribute>4D9EAF52-56D4-1364-D762-2E73A60FA878</referedAttribute>
<useDomainConstraints>false</useDomainConstraints>
<use>1</use>
<logicalDatatype>LOGDT019</logicalDatatype>
<dataTypePrecision>10</dataTypePrecision>
<ownDataTypeParameters>,,</ownDataTypeParameters>
</Attribute>
<Attribute name="bookcopy_id" id="D91C06EC-D7A9-BEDF-3800-FB70D787F050">
<createdBy>Teh Jia Xuan</createdBy>
<createdTime>2024-09-17 08:23:31 UTC</createdTime>
<commentInRDBMS><![CDATA[book copy id]]></commentInRDBMS>
<generatorID>062774AD-03DD-9BDE-F224-60D0E72B0AEB</generatorID>
<ownerDesignName>A1Logical</ownerDesignName>
<engineerTo>
<item key="88B537E9-6CAE-9FD0-F6E7-48A2DEA98808" value="true"/>
</engineerTo>
<referedAttribute>E6C86AF8-DB97-A584-244A-D6B8498ADC1D</referedAttribute>
<useDomainConstraints>false</useDomainConstraints>
<use>1</use>
<logicalDatatype>LOGDT019</logicalDatatype>
<dataTypePrecision>10</dataTypePrecision>
<ownDataTypeParameters>,,</ownDataTypeParameters>
</Attribute>
<Attribute name="branch_code" id="1176938A-5EEF-37BD-47AA-7C65EA2767A5">
<createdBy>Teh Jia Xuan</createdBy>
<createdTime>2024-09-17 08:23:31 UTC</createdTime>
<commentInRDBMS><![CDATA[branch code]]></commentInRDBMS>
<generatorID>062774AD-03DD-9BDE-F224-60D0E72B0AEB</generatorID>
<ownerDesignName>A1Logical</ownerDesignName>
<engineerTo>
<item key="88B537E9-6CAE-9FD0-F6E7-48A2DEA98808" value="true"/>
</engineerTo>
<referedAttribute>278F7D66-3321-6550-A942-2CD64DD1C874</referedAttribute>
<useDomainConstraints>false</useDomainConstraints>
<use>1</use>
<logicalDatatype>LOGDT019</logicalDatatype>
<dataTypePrecision>10</dataTypePrecision>
<ownDataTypeParameters>,,</ownDataTypeParameters>
</Attribute>
</attributes>
<identifiers itemClass="oracle.dbtools.crest.model.design.logical.CandidateKey">
<identifier id="F31425EB-38CD-899A-17FA-5CAAF42D66C8" name="RESERVE PK">
<createdBy>Teh Jia Xuan</createdBy>
<createdTime>2024-09-14 05:37:18 UTC</createdTime>
<ownerDesignName>A1Logical</ownerDesignName>
<engineerTo>
<item key="88B537E9-6CAE-9FD0-F6E7-48A2DEA98808" value="true"/>
</engineerTo>
<pk>true</pk>
<newElementsIDs>88A181F3-569E-1B87-AE39-88AB2DF09957</newElementsIDs>
<usedAttributes>
<attributeRef>88A181F3-569E-1B87-AE39-88AB2DF09957</attributeRef>
</usedAttributes>
</identifier>
<identifier id="02CC776D-E334-F585-650A-90D8FFD319E8" name="RESERVE NK">
<createdBy>Teh Jia Xuan</createdBy>
<createdTime>2024-09-17 10:06:33 UTC</createdTime>
<ownerDesignName>A1Logical</ownerDesignName>
<engineerTo>
<item key="88B537E9-6CAE-9FD0-F6E7-48A2DEA98808" value="true"/>
</engineerTo>
<newElementsIDs>120A8541-3633-135A-B256-BDE579E6FE66,4D2C8D4C-1C9B-CDBB-6F97-9F748E455C9F</newElementsIDs>
<usedAttributes>
<attributeRef>120A8541-3633-135A-B256-BDE579E6FE66</attributeRef>
<attributeRef>4D2C8D4C-1C9B-CDBB-6F97-9F748E455C9F</attributeRef>
</usedAttributes>
</identifier>
</identifiers>
</Entity>
