<?xml version = '1.0' encoding = 'UTF-8'?>
<FKIndexAssociation class="oracle.dbtools.crest.model.design.relational.FKIndexAssociation" directorySegmentName="seg_0" id="04376085-0CA8-3247-079D-AA57130C4FB8" containerWithKeyObject="03BCEE91-757C-7432-B012-842E5C2BFAA1" localFKIndex="E71D4B3A-B6B9-F624-608C-E7AC469B0987" name="branch_borrower_fk">
<createdBy>User</createdBy>
<createdTime>2024-09-17 13:16:20 UTC</createdTime>
<generatorID>D0420E75-91EF-2F0E-B971-BFAC1D7EEDB6</generatorID>
<ownerDesignName>A1Logical</ownerDesignName>
<referredTableLongName>BRANCH</referredTableLongName>
<deleteRule>NO ACTION</deleteRule>
<referredTableID>7EC8D13D-76CD-2815-25E4-3886771CC4C2</referredTableID>
<keyObject>7C4792A6-FBC1-51A1-B7CE-749DE8B54E80</keyObject>
<referredKeyID>7C4792A6-FBC1-51A1-B7CE-749DE8B54E80</referredKeyID>
<mandatory>true</mandatory>
<refColNames>branch_code</refColNames>
<transferable>true</transferable>
<rely>false</rely>
<columnDependencyConstraintGenerateInDDL>true</columnDependencyConstraintGenerateInDDL>
</FKIndexAssociation>
