<?xml version = '1.0' encoding = 'UTF-8'?>
<FKIndexAssociation class="oracle.dbtools.crest.model.design.relational.FKIndexAssociation" directorySegmentName="seg_0" id="19EF55DC-42EA-C060-71CF-DAF9DE005B1E" containerWithKeyObject="EA89AD7C-E9A8-6ED2-445D-756C0D2EB2F5" localFKIndex="D5977EF6-2F34-D15B-9813-CEC600E4CC48" name="bookcopy_loan_fk">
<createdBy>User</createdBy>
<createdTime>2024-09-17 13:16:20 UTC</createdTime>
<generatorID>F0F613FF-8870-D13B-3FAA-381CE91FF956</generatorID>
<ownerDesignName>A1Logical</ownerDesignName>
<referredTableLongName>BOOK_COPY</referredTableLongName>
<deleteRule>NO ACTION</deleteRule>
<referredTableID>84129A07-54D4-023F-7645-77E955ADD74C</referredTableID>
<keyObject>57571C73-FE53-A775-29B7-FB10DF1C4901</keyObject>
<referredKeyID>57571C73-FE53-A775-29B7-FB10DF1C4901</referredKeyID>
<mandatory>true</mandatory>
<refColNames>bookcopy_id,branch_code</refColNames>
<transferable>true</transferable>
<rely>false</rely>
<columnDependencyConstraintGenerateInDDL>true</columnDependencyConstraintGenerateInDDL>
</FKIndexAssociation>
