<?xml version = '1.0' encoding = 'UTF-8'?>
<FKIndexAssociation class="oracle.dbtools.crest.model.design.relational.FKIndexAssociation" directorySegmentName="seg_0" id="21486852-2173-3E7D-1E35-DFE4231B6787" containerWithKeyObject="7EC8D13D-76CD-2815-25E4-3886771CC4C2" localFKIndex="C9384662-6EE0-0CE8-D9BD-1817EE37D5BB" name="manager_branch_fk">
<createdBy>User</createdBy>
<createdTime>2024-09-17 13:16:20 UTC</createdTime>
<generatorID>06C405E7-C811-CFB6-6E0D-F7B34C69E9D0</generatorID>
<ownerDesignName>A1Logical</ownerDesignName>
<referredTableLongName>MANAGER</referredTableLongName>
<deleteRule>NO ACTION</deleteRule>
<referredTableID>4F3A6CA2-3E52-DC05-9CE2-BDB81774F4B5</referredTableID>
<keyObject>6C93E1EA-CAD9-9DB7-0D49-885866D52CC9</keyObject>
<referredKeyID>6C93E1EA-CAD9-9DB7-0D49-885866D52CC9</referredKeyID>
<mandatory>true</mandatory>
<refColNames>manager_id</refColNames>
<transferable>true</transferable>
<rely>false</rely>
<columnDependencyConstraintGenerateInDDL>true</columnDependencyConstraintGenerateInDDL>
</FKIndexAssociation>
