<?xml version = '1.0' encoding = 'UTF-8'?>
<FKIndexAssociation class="oracle.dbtools.crest.model.design.relational.FKIndexAssociation" directorySegmentName="seg_0" id="21CAB6B0-B86B-C2D1-B32B-AF0C3A5F6FE4" containerWithKeyObject="0312691D-960E-96C3-7B60-6F896F992F13" localFKIndex="CA7DC871-EE0F-DBB3-8AA8-9D9782178D92" name="cat_subcall_fk">
<createdBy>User</createdBy>
<createdTime>2024-09-17 13:16:20 UTC</createdTime>
<generatorID>5888FFB1-B2F9-052D-0AC6-1CECBD12D985</generatorID>
<ownerDesignName>A1Logical</ownerDesignName>
<referredTableLongName>CATALOGUE_ENTRY</referredTableLongName>
<deleteRule>NO ACTION</deleteRule>
<referredTableID>39A5EF38-E23E-79DC-E3F1-8FB88B918E6B</referredTableID>
<keyObject>27EB617F-A09D-DBC1-184F-0F9B835D257F</keyObject>
<referredKeyID>27EB617F-A09D-DBC1-184F-0F9B835D257F</referredKeyID>
<mandatory>true</mandatory>
<refColNames>cata_call_no</refColNames>
<transferable>true</transferable>
<rely>false</rely>
<columnDependencyConstraintGenerateInDDL>true</columnDependencyConstraintGenerateInDDL>
</FKIndexAssociation>
