<?xml version = '1.0' encoding = 'UTF-8'?>
<FKIndexAssociation class="oracle.dbtools.crest.model.design.relational.FKIndexAssociation" directorySegmentName="seg_0" id="29D94DBB-996D-742F-AECA-97023CFC6048" containerWithKeyObject="84129A07-54D4-023F-7645-77E955ADD74C" localFKIndex="AA9FF35B-57D2-75CF-9881-645AF0226F26" name="branch_bookcopy_fk">
<createdBy>User</createdBy>
<createdTime>2024-09-17 13:16:20 UTC</createdTime>
<generatorID>60E062E2-CF00-F053-C44E-A0DEDB95D5A4</generatorID>
<ownerDesignName>A1Logical</ownerDesignName>
<referredTableLongName>BRANCH</referredTableLongName>
<deleteRule>NO ACTION</deleteRule>
<referredTableID>7EC8D13D-76CD-2815-25E4-3886771CC4C2</referredTableID>
<keyObject>7C4792A6-FBC1-51A1-B7CE-749DE8B54E80</keyObject>
<referredKeyID>7C4792A6-FBC1-51A1-B7CE-749DE8B54E80</referredKeyID>
<mandatory>true</mandatory>
<refColNames>branch_code</refColNames>
<transferable>true</transferable>
<rely>false</rely>
<columnDependencyConstraintGenerateInDDL>true</columnDependencyConstraintGenerateInDDL>
</FKIndexAssociation>
