<?xml version = '1.0' encoding = 'UTF-8'?>
<FKIndexAssociation class="oracle.dbtools.crest.model.design.relational.FKIndexAssociation" directorySegmentName="seg_0" id="51FEE152-2D8D-F2F3-394F-4498436EE023" containerWithKeyObject="4F3A6CA2-3E52-DC05-9CE2-BDB81774F4B5" localFKIndex="F5169D86-C875-9F69-7D07-CEB535131666" name="branch_manager_fk">
<createdBy>User</createdBy>
<createdTime>2024-09-17 13:16:20 UTC</createdTime>
<generatorID>318920BA-9BA6-09E0-D04A-8A08AEF0D2BE</generatorID>
<ownerDesignName>A1Logical</ownerDesignName>
<referredTableLongName>BRANCH</referredTableLongName>
<deleteRule>NO ACTION</deleteRule>
<referredTableID>7EC8D13D-76CD-2815-25E4-3886771CC4C2</referredTableID>
<keyObject>7C4792A6-FBC1-51A1-B7CE-749DE8B54E80</keyObject>
<referredKeyID>7C4792A6-FBC1-51A1-B7CE-749DE8B54E80</referredKeyID>
<mandatory>true</mandatory>
<refColNames>branch_code</refColNames>
<transferable>true</transferable>
<rely>false</rely>
<columnDependencyConstraintGenerateInDDL>true</columnDependencyConstraintGenerateInDDL>
</FKIndexAssociation>
