<?xml version = '1.0' encoding = 'UTF-8'?>
<FKIndexAssociation class="oracle.dbtools.crest.model.design.relational.FKIndexAssociation" directorySegmentName="seg_0" id="5D95F630-72EA-4CAB-A5BF-8275B906E9C4" containerWithKeyObject="8F54C544-13CC-8139-F9AA-3A8C7425CD72" localFKIndex="6304A811-9A82-22C8-E5E3-552466311DE7" name="cata_athcall_fk">
<createdBy>User</createdBy>
<createdTime>2024-09-17 13:16:20 UTC</createdTime>
<generatorID>5F099C59-1813-F7F7-6055-8543ADD5EE1B</generatorID>
<ownerDesignName>A1Logical</ownerDesignName>
<referredTableLongName>CATALOGUE_ENTRY</referredTableLongName>
<deleteRule>NO ACTION</deleteRule>
<referredTableID>39A5EF38-E23E-79DC-E3F1-8FB88B918E6B</referredTableID>
<keyObject>27EB617F-A09D-DBC1-184F-0F9B835D257F</keyObject>
<referredKeyID>27EB617F-A09D-DBC1-184F-0F9B835D257F</referredKeyID>
<mandatory>true</mandatory>
<refColNames>cata_call_no</refColNames>
<transferable>true</transferable>
<rely>false</rely>
<columnDependencyConstraintGenerateInDDL>true</columnDependencyConstraintGenerateInDDL>
</FKIndexAssociation>
