<?xml version = '1.0' encoding = 'UTF-8'?>
<FKIndexAssociation class="oracle.dbtools.crest.model.design.relational.FKIndexAssociation" directorySegmentName="seg_0" id="7DBE260D-6B26-0F84-EF4D-C3105284688A" containerWithKeyObject="84129A07-54D4-023F-7645-77E955ADD74C" localFKIndex="D77BEDDA-B901-3128-8AAE-C6D07D7B2569" name="isbn_bookcopy_fk">
<createdBy>User</createdBy>
<createdTime>2024-09-17 13:16:20 UTC</createdTime>
<generatorID>597E948A-7900-29CB-1CEB-64D6C8043B0E</generatorID>
<ownerDesignName>A1Logical</ownerDesignName>
<referredTableLongName>ISBN</referredTableLongName>
<deleteRule>NO ACTION</deleteRule>
<referredTableID>1FD1FDA4-8F32-433C-2F2B-8392876E3AAB</referredTableID>
<keyObject>9B49DCBF-FF85-6E51-1B6C-873A4A636024</keyObject>
<referredKeyID>9B49DCBF-FF85-6E51-1B6C-873A4A636024</referredKeyID>
<mandatory>true</mandatory>
<refColNames>isbn_no</refColNames>
<transferable>true</transferable>
<rely>false</rely>
<columnDependencyConstraintGenerateInDDL>true</columnDependencyConstraintGenerateInDDL>
</FKIndexAssociation>
