<?xml version = '1.0' encoding = 'UTF-8'?>
<FKIndexAssociation class="oracle.dbtools.crest.model.design.relational.FKIndexAssociation" directorySegmentName="seg_0" id="8493F169-492C-4C67-539D-AB457EC042C8" containerWithKeyObject="16AA6EEB-6717-552C-0D22-9D9625A6447C" localFKIndex="F3EA5186-538C-A1E6-335F-AB11BC720965" name="borrower_reserve_fk">
<createdBy>User</createdBy>
<createdTime>2024-09-17 13:16:20 UTC</createdTime>
<generatorID>A2AAE546-0388-6B52-43CE-234BC32415F0</generatorID>
<ownerDesignName>A1Logical</ownerDesignName>
<referredTableLongName>BORROWER</referredTableLongName>
<deleteRule>NO ACTION</deleteRule>
<referredTableID>03BCEE91-757C-7432-B012-842E5C2BFAA1</referredTableID>
<keyObject>7870F5B2-285C-CFC2-9997-EC2A6B269023</keyObject>
<referredKeyID>7870F5B2-285C-CFC2-9997-EC2A6B269023</referredKeyID>
<mandatory>true</mandatory>
<refColNames>borrower_id</refColNames>
<transferable>true</transferable>
<rely>false</rely>
<columnDependencyConstraintGenerateInDDL>true</columnDependencyConstraintGenerateInDDL>
</FKIndexAssociation>
