<?xml version = '1.0' encoding = 'UTF-8'?>
<FKIndexAssociation class="oracle.dbtools.crest.model.design.relational.FKIndexAssociation" directorySegmentName="seg_0" id="85309FE3-E300-1282-9108-772C9B1A5DC0" containerWithKeyObject="39A5EF38-E23E-79DC-E3F1-8FB88B918E6B" localFKIndex="A0D1DD77-9CCA-E3A0-4092-5140D27B6D4D" name="publisher_cata_fk">
<createdBy>User</createdBy>
<createdTime>2024-09-17 13:16:20 UTC</createdTime>
<generatorID>3FFF3397-15B2-3649-450C-A412CEE73C59</generatorID>
<ownerDesignName>A1Logical</ownerDesignName>
<referredTableLongName>PUBLISHER</referredTableLongName>
<deleteRule>NO ACTION</deleteRule>
<referredTableID>49E2620E-B2F8-A97C-C29B-AA827F6F0815</referredTableID>
<keyObject>947A51E1-E87E-50C2-835D-DE3D6D18CA59</keyObject>
<referredKeyID>947A51E1-E87E-50C2-835D-DE3D6D18CA59</referredKeyID>
<mandatory>true</mandatory>
<refColNames>publisher_id</refColNames>
<transferable>true</transferable>
<rely>false</rely>
<columnDependencyConstraintGenerateInDDL>true</columnDependencyConstraintGenerateInDDL>
</FKIndexAssociation>
