<?xml version = '1.0' encoding = 'UTF-8'?>
<FKIndexAssociation class="oracle.dbtools.crest.model.design.relational.FKIndexAssociation" directorySegmentName="seg_0" id="A7624F00-5811-8AFA-9E34-DC7721D6746D" containerWithKeyObject="EA89AD7C-E9A8-6ED2-445D-756C0D2EB2F5" localFKIndex="452F964F-E9EC-2786-1AF2-B3CDB9495078" name="borrower_loan_fk">
<createdBy>User</createdBy>
<createdTime>2024-09-17 13:16:20 UTC</createdTime>
<generatorID>96A1C3CA-8722-59C1-45A9-87648391065C</generatorID>
<ownerDesignName>A1Logical</ownerDesignName>
<referredTableLongName>BORROWER</referredTableLongName>
<deleteRule>NO ACTION</deleteRule>
<referredTableID>03BCEE91-757C-7432-B012-842E5C2BFAA1</referredTableID>
<keyObject>7870F5B2-285C-CFC2-9997-EC2A6B269023</keyObject>
<referredKeyID>7870F5B2-285C-CFC2-9997-EC2A6B269023</referredKeyID>
<mandatory>true</mandatory>
<refColNames>borrower_id</refColNames>
<transferable>true</transferable>
<rely>false</rely>
<columnDependencyConstraintGenerateInDDL>true</columnDependencyConstraintGenerateInDDL>
</FKIndexAssociation>
