<?xml version = '1.0' encoding = 'UTF-8'?>
<FKIndexAssociation class="oracle.dbtools.crest.model.design.relational.FKIndexAssociation" directorySegmentName="seg_0" id="AC00E5C9-885D-E9FF-FD3E-93F92D8609FA" containerWithKeyObject="16AA6EEB-6717-552C-0D22-9D9625A6447C" localFKIndex="73AD2846-43A7-FDC9-A2F6-9AB2FE0536AB" name="bookcopy_reserve">
<createdBy>User</createdBy>
<createdTime>2024-09-17 13:16:20 UTC</createdTime>
<generatorID>062774AD-03DD-9BDE-F224-60D0E72B0AEB</generatorID>
<ownerDesignName>A1Logical</ownerDesignName>
<referredTableLongName>BOOK_COPY</referredTableLongName>
<deleteRule>NO ACTION</deleteRule>
<referredTableID>84129A07-54D4-023F-7645-77E955ADD74C</referredTableID>
<keyObject>57571C73-FE53-A775-29B7-FB10DF1C4901</keyObject>
<referredKeyID>57571C73-FE53-A775-29B7-FB10DF1C4901</referredKeyID>
<mandatory>true</mandatory>
<refColNames>bookcopy_id,branch_code</refColNames>
<transferable>true</transferable>
<rely>false</rely>
<columnDependencyConstraintGenerateInDDL>true</columnDependencyConstraintGenerateInDDL>
</FKIndexAssociation>
