<?xml version = '1.0' encoding = 'UTF-8'?>
<FKIndexAssociation class="oracle.dbtools.crest.model.design.relational.FKIndexAssociation" directorySegmentName="seg_0" id="B3363E12-E43D-44A4-D806-6ACF22A511A8" containerWithKeyObject="8F54C544-13CC-8139-F9AA-3A8C7425CD72" localFKIndex="7E745BAA-F822-EE34-551F-04C9CB71E032" name="author_athcall_fk">
<createdBy>User</createdBy>
<createdTime>2024-09-17 13:16:20 UTC</createdTime>
<generatorID>5B367922-7B69-098B-1800-872405C4F6E5</generatorID>
<ownerDesignName>A1Logical</ownerDesignName>
<referredTableLongName>AUTHOR</referredTableLongName>
<deleteRule>NO ACTION</deleteRule>
<referredTableID>813D9B73-638F-C908-E5BC-A5B5A7FCD831</referredTableID>
<keyObject>5B9FAA2D-F386-2B75-8ABA-2D368EEEE57B</keyObject>
<referredKeyID>5B9FAA2D-F386-2B75-8ABA-2D368EEEE57B</referredKeyID>
<mandatory>true</mandatory>
<refColNames>author_id</refColNames>
<transferable>true</transferable>
<rely>false</rely>
<columnDependencyConstraintGenerateInDDL>true</columnDependencyConstraintGenerateInDDL>
</FKIndexAssociation>
