<?xml version = '1.0' encoding = 'UTF-8'?>
<FKIndexAssociation class="oracle.dbtools.crest.model.design.relational.FKIndexAssociation" directorySegmentName="seg_0" id="B6EA1087-B874-B3D2-6754-7B75B61276ED" containerWithKeyObject="03BCEE91-757C-7432-B012-842E5C2BFAA1" localFKIndex="0EBA4C7C-CCDF-3B57-57DB-E4767E7A1CFE" name="borrower_class_borrower_fk">
<createdBy>User</createdBy>
<createdTime>2024-09-17 13:16:20 UTC</createdTime>
<generatorID>3A647AA9-9550-8773-1634-8DAF977B74B7</generatorID>
<ownerDesignName>A1Logical</ownerDesignName>
<referredTableLongName>BORROWER_CLASS</referredTableLongName>
<deleteRule>NO ACTION</deleteRule>
<referredTableID>3B9362D9-88C7-EDCF-B844-0DC316456363</referredTableID>
<keyObject>1D8AC8FF-7214-46EC-0DAE-DABD2B2BDC94</keyObject>
<referredKeyID>1D8AC8FF-7214-46EC-0DAE-DABD2B2BDC94</referredKeyID>
<mandatory>true</mandatory>
<refColNames>borrow_class_type</refColNames>
<transferable>true</transferable>
<rely>false</rely>
<columnDependencyConstraintGenerateInDDL>true</columnDependencyConstraintGenerateInDDL>
</FKIndexAssociation>
