<?xml version = '1.0' encoding = 'UTF-8'?>
<FKIndexAssociation class="oracle.dbtools.crest.model.design.relational.FKIndexAssociation" directorySegmentName="seg_0" id="C477CFC7-3445-92A1-4365-172511FBA1F2" containerWithKeyObject="0312691D-960E-96C3-7B60-6F896F992F13" localFKIndex="13D0BD89-CEC5-4392-9F8B-B5163E25FE15" name="subj_subjcall_fk">
<createdBy>User</createdBy>
<createdTime>2024-09-17 13:16:20 UTC</createdTime>
<generatorID>7EBA4895-5C07-0F25-0916-D3AED3A8FB42</generatorID>
<ownerDesignName>A1Logical</ownerDesignName>
<referredTableLongName>SUBJECT</referredTableLongName>
<deleteRule>NO ACTION</deleteRule>
<referredTableID>4ED79349-8204-17EB-C3DA-3D2D000C7AD1</referredTableID>
<keyObject>CA875E3E-2281-814E-950B-1A35D4E66683</keyObject>
<referredKeyID>CA875E3E-2281-814E-950B-1A35D4E66683</referredKeyID>
<mandatory>true</mandatory>
<refColNames>subject_id</refColNames>
<transferable>true</transferable>
<rely>false</rely>
<columnDependencyConstraintGenerateInDDL>true</columnDependencyConstraintGenerateInDDL>
</FKIndexAssociation>
