<?xml version = '1.0' encoding = 'UTF-8'?>
<FKIndexAssociation class="oracle.dbtools.crest.model.design.relational.FKIndexAssociation" directorySegmentName="seg_0" id="C61CEA0C-DC14-E3A5-0CC4-F38456486036" containerWithKeyObject="7EC8D13D-76CD-2815-25E4-3886771CC4C2" localFKIndex="05CD1290-3B9B-2D60-3C7F-F253CB933E59" name="lga_branch_fk">
<createdBy>User</createdBy>
<createdTime>2024-09-17 13:16:20 UTC</createdTime>
<generatorID>46168820-A9AD-177F-F9FB-10FBCD3F874A</generatorID>
<ownerDesignName>A1Logical</ownerDesignName>
<referredTableLongName>LGA</referredTableLongName>
<deleteRule>NO ACTION</deleteRule>
<referredTableID>C94E1FB9-D468-BB21-5D40-04DC4D7C6BCB</referredTableID>
<keyObject>DD516767-3078-3FFB-004E-E8FFFB19B6A4</keyObject>
<referredKeyID>DD516767-3078-3FFB-004E-E8FFFB19B6A4</referredKeyID>
<mandatory>true</mandatory>
<refColNames>lga_code</refColNames>
<transferable>true</transferable>
<rely>false</rely>
<columnDependencyConstraintGenerateInDDL>true</columnDependencyConstraintGenerateInDDL>
</FKIndexAssociation>
