<?xml version = '1.0' encoding = 'UTF-8'?>
<FKIndexAssociation class="oracle.dbtools.crest.model.design.relational.FKIndexAssociation" directorySegmentName="seg_0" id="E086BF5B-31A3-523C-7EC3-0E57A452E318" containerWithKeyObject="1FD1FDA4-8F32-433C-2F2B-8392876E3AAB" localFKIndex="D757079D-06EA-71BA-DBD7-2A92A54D0FF7" name="cata_isbn_fk">
<createdBy>User</createdBy>
<createdTime>2024-09-17 13:16:20 UTC</createdTime>
<generatorID>F6F21E90-038A-6663-67B6-A1BC682C2093</generatorID>
<ownerDesignName>A1Logical</ownerDesignName>
<referredTableLongName>CATALOGUE_ENTRY</referredTableLongName>
<deleteRule>NO ACTION</deleteRule>
<referredTableID>39A5EF38-E23E-79DC-E3F1-8FB88B918E6B</referredTableID>
<keyObject>27EB617F-A09D-DBC1-184F-0F9B835D257F</keyObject>
<referredKeyID>27EB617F-A09D-DBC1-184F-0F9B835D257F</referredKeyID>
<mandatory>true</mandatory>
<refColNames>cata_call_no</refColNames>
<transferable>true</transferable>
<rely>false</rely>
<columnDependencyConstraintGenerateInDDL>true</columnDependencyConstraintGenerateInDDL>
</FKIndexAssociation>
