<?xml version = '1.0' encoding = 'UTF-8'?>
<Diagram class="oracle.dbtools.crest.swingui.relational.DPVRelational" name="Relational_1" id="7B83C052-1EBE-F792-0D4B-AFE73E7AC394">
<createdBy>User</createdBy>
<modifiedBy>User</modifiedBy>
<createdTime>2024-09-13 16:11:00 UTC</createdTime>
<autoRoute>false</autoRoute>
<boxInbox>true</boxInbox>
<showLegend>false</showLegend>
<showLabels>false</showLabels>
<showRelAttributes>false</showRelAttributes>
<gridEnabled>false</gridEnabled>
<showGrid>false</showGrid>
<diagramColor>-1</diagramColor>
<display>false</display>
<notation>1</notation>
<objectViews>
<OView class="oracle.dbtools.crest.swingui.relational.TVTable" oid="0312691D-960E-96C3-7B60-6F896F992F13" otype="Table" vid="F868ED78-9F01-DB41-CFE1-7862A33F8FE6">
<hideElementsInCurrentOnly>false</hideElementsInCurrentOnly>
<bounds x="36" y="591" width="256" height="129"/>
</OView>
<OView class="oracle.dbtools.crest.swingui.relational.TVTable" oid="03BCEE91-757C-7432-B012-842E5C2BFAA1" otype="Table" vid="B16C0FD7-6A54-E363-6488-AFBA8666C393">
<hideElementsInCurrentOnly>false</hideElementsInCurrentOnly>
<bounds x="763" y="0" width="230" height="211"/>
</OView>
<OView class="oracle.dbtools.crest.swingui.relational.TVTable" oid="16AA6EEB-6717-552C-0D22-9D9625A6447C" otype="Table" vid="550BD848-44AF-A133-C750-072F06B6BEA0">
<hideElementsInCurrentOnly>false</hideElementsInCurrentOnly>
<bounds x="766" y="305" width="383" height="149"/>
</OView>
<OView class="oracle.dbtools.crest.swingui.relational.TVTable" oid="1FD1FDA4-8F32-433C-2F2B-8392876E3AAB" otype="Table" vid="F295D461-D3F3-0891-CAB0-B921F21C4E31">
<hideElementsInCurrentOnly>false</hideElementsInCurrentOnly>
<bounds x="305" y="535" width="194" height="110"/>
</OView>
<OView class="oracle.dbtools.crest.swingui.relational.TVTable" oid="39A5EF38-E23E-79DC-E3F1-8FB88B918E6B" otype="Table" vid="CAB10BFA-F5C1-D792-D19B-7F7AEEED966C">
<hideElementsInCurrentOnly>false</hideElementsInCurrentOnly>
<bounds x="408" y="700" width="226" height="202"/>
</OView>
<OView class="oracle.dbtools.crest.swingui.relational.TVTable" oid="3B9362D9-88C7-EDCF-B844-0DC316456363" otype="Table" vid="5477F0D2-D3A9-5310-B85E-115A887984DA">
<hideElementsInCurrentOnly>false</hideElementsInCurrentOnly>
<bounds x="1143" y="20" width="243" height="126"/>
</OView>
<OView class="oracle.dbtools.crest.swingui.relational.TVTable" oid="49E2620E-B2F8-A97C-C29B-AA827F6F0815" otype="Table" vid="8108DFDD-7116-D850-1CCD-69B4648AAED8">
<hideElementsInCurrentOnly>false</hideElementsInCurrentOnly>
<bounds x="767" y="704" width="197" height="77"/>
</OView>
<OView class="oracle.dbtools.crest.swingui.relational.TVTable" oid="4ED79349-8204-17EB-C3DA-3D2D000C7AD1" otype="Table" vid="B6DFD4AA-8ED6-0AE3-1E67-6AA14CA0BD2C">
<hideElementsInCurrentOnly>false</hideElementsInCurrentOnly>
<bounds x="60" y="415" width="179" height="110"/>
</OView>
<OView class="oracle.dbtools.crest.swingui.relational.TVTable" oid="4F3A6CA2-3E52-DC05-9CE2-BDB81774F4B5" otype="Table" vid="E6ADC175-955D-568B-64E4-484E20BC7961">
<hideElementsInCurrentOnly>false</hideElementsInCurrentOnly>
<bounds x="109" y="267" width="215" height="116"/>
</OView>
<OView class="oracle.dbtools.crest.swingui.relational.TVTable" oid="7EC8D13D-76CD-2815-25E4-3886771CC4C2" otype="Table" vid="00E3C043-2A55-2C2B-87F7-D8BD44CB6FD9">
<hideElementsInCurrentOnly>false</hideElementsInCurrentOnly>
<bounds x="375" y="7" width="211" height="130"/>
</OView>
<OView class="oracle.dbtools.crest.swingui.relational.TVTable" oid="813D9B73-638F-C908-E5BC-A5B5A7FCD831" otype="Table" vid="BC57BBF9-F1B0-B81D-0B3A-154695A343E2">
<hideElementsInCurrentOnly>false</hideElementsInCurrentOnly>
<bounds x="76" y="1002" width="187" height="110"/>
</OView>
<OView class="oracle.dbtools.crest.swingui.relational.TVTable" oid="84129A07-54D4-023F-7645-77E955ADD74C" otype="Table" vid="80E070CD-7774-521C-E81B-9F42B7763576">
<hideElementsInCurrentOnly>false</hideElementsInCurrentOnly>
<bounds x="428" y="324" width="251" height="130"/>
</OView>
<OView class="oracle.dbtools.crest.swingui.relational.TVTable" oid="8F54C544-13CC-8139-F9AA-3A8C7425CD72" otype="Table" vid="0243F4C8-7667-9954-9967-2C8A709B3F33">
<hideElementsInCurrentOnly>false</hideElementsInCurrentOnly>
<bounds x="48" y="817" width="239" height="110"/>
</OView>
<OView class="oracle.dbtools.crest.swingui.relational.TVTable" oid="C94E1FB9-D468-BB21-5D40-04DC4D7C6BCB" otype="Table" vid="CA9697A1-4E18-4921-BECC-7A6C59E9797B">
<hideElementsInCurrentOnly>false</hideElementsInCurrentOnly>
<bounds x="18" y="14" width="190" height="120"/>
</OView>
<OView class="oracle.dbtools.crest.swingui.relational.TVTable" oid="EA89AD7C-E9A8-6ED2-445D-756C0D2EB2F5" otype="Table" vid="7F7F7A98-5A7F-F7A5-2980-3BE44BF02F92">
<hideElementsInCurrentOnly>false</hideElementsInCurrentOnly>
<bounds x="947" y="481" width="310" height="186"/>
</OView>
</objectViews>
<connectors>
<Connector class="oracle.dbtools.crest.swingui.relational.TVFKRelation" oid="04376085-0CA8-3247-079D-AA57130C4FB8" otype="FKIndexAssociation" vid_source="00E3C043-2A55-2C2B-87F7-D8BD44CB6FD9" vid_target="B16C0FD7-6A54-E363-6488-AFBA8666C393">
<hideElementsInCurrentOnly>false</hideElementsInCurrentOnly>
<backgroundColor>-16777216</backgroundColor>
<lineWidth>1</lineWidth>
<points>
<point x="586" y="72"/>
<point x="763" y="72"/>
</points>
</Connector>
<Connector class="oracle.dbtools.crest.swingui.relational.TVFKRelation" oid="19EF55DC-42EA-C060-71CF-DAF9DE005B1E" otype="FKIndexAssociation" vid_source="80E070CD-7774-521C-E81B-9F42B7763576" vid_target="7F7F7A98-5A7F-F7A5-2980-3BE44BF02F92">
<hideElementsInCurrentOnly>false</hideElementsInCurrentOnly>
<backgroundColor>-16777216</backgroundColor>
<lineWidth>1</lineWidth>
<points>
<point x="653" y="454"/>
<point x="653" y="558"/>
<point x="947" y="558"/>
</points>
</Connector>
<Connector class="oracle.dbtools.crest.swingui.relational.TVFKRelation" oid="21486852-2173-3E7D-1E35-DFE4231B6787" otype="FKIndexAssociation" vid_source="E6ADC175-955D-568B-64E4-484E20BC7961" vid_target="00E3C043-2A55-2C2B-87F7-D8BD44CB6FD9">
<hideElementsInCurrentOnly>false</hideElementsInCurrentOnly>
<backgroundColor>-16777216</backgroundColor>
<lineWidth>1</lineWidth>
<points>
<point x="324" y="291"/>
<point x="433" y="291"/>
<point x="433" y="137"/>
</points>
</Connector>
<Connector class="oracle.dbtools.crest.swingui.relational.TVFKRelation" oid="21CAB6B0-B86B-C2D1-B32B-AF0C3A5F6FE4" otype="FKIndexAssociation" vid_source="CAB10BFA-F5C1-D792-D19B-7F7AEEED966C" vid_target="F868ED78-9F01-DB41-CFE1-7862A33F8FE6">
<hideElementsInCurrentOnly>false</hideElementsInCurrentOnly>
<backgroundColor>-16777216</backgroundColor>
<lineWidth>1</lineWidth>
<points>
<point x="408" y="764"/>
<point x="188" y="764"/>
<point x="188" y="720"/>
</points>
</Connector>
<Connector class="oracle.dbtools.crest.swingui.relational.TVFKRelation" oid="29D94DBB-996D-742F-AECA-97023CFC6048" otype="FKIndexAssociation" vid_source="00E3C043-2A55-2C2B-87F7-D8BD44CB6FD9" vid_target="80E070CD-7774-521C-E81B-9F42B7763576">
<hideElementsInCurrentOnly>false</hideElementsInCurrentOnly>
<backgroundColor>-16777216</backgroundColor>
<lineWidth>1</lineWidth>
<points>
<point x="507" y="137"/>
<point x="507" y="324"/>
</points>
</Connector>
<Connector class="oracle.dbtools.crest.swingui.relational.TVFKRelation" oid="51FEE152-2D8D-F2F3-394F-4498436EE023" otype="FKIndexAssociation" vid_source="00E3C043-2A55-2C2B-87F7-D8BD44CB6FD9" vid_target="E6ADC175-955D-568B-64E4-484E20BC7961">
<hideElementsInCurrentOnly>false</hideElementsInCurrentOnly>
<backgroundColor>-16777216</backgroundColor>
<lineWidth>1</lineWidth>
<points>
<point x="375" y="107"/>
<point x="251" y="107"/>
<point x="251" y="267"/>
</points>
</Connector>
<Connector class="oracle.dbtools.crest.swingui.relational.TVFKRelation" oid="5D95F630-72EA-4CAB-A5BF-8275B906E9C4" otype="FKIndexAssociation" vid_source="CAB10BFA-F5C1-D792-D19B-7F7AEEED966C" vid_target="0243F4C8-7667-9954-9967-2C8A709B3F33">
<hideElementsInCurrentOnly>false</hideElementsInCurrentOnly>
<backgroundColor>-16777216</backgroundColor>
<lineWidth>1</lineWidth>
<points>
<point x="408" y="859"/>
<point x="287" y="859"/>
</points>
</Connector>
<Connector class="oracle.dbtools.crest.swingui.relational.TVFKRelation" oid="7DBE260D-6B26-0F84-EF4D-C3105284688A" otype="FKIndexAssociation" vid_source="F295D461-D3F3-0891-CAB0-B921F21C4E31" vid_target="80E070CD-7774-521C-E81B-9F42B7763576">
<hideElementsInCurrentOnly>false</hideElementsInCurrentOnly>
<backgroundColor>-16777216</backgroundColor>
<lineWidth>1</lineWidth>
<points>
<point x="499" y="557"/>
<point x="584" y="557"/>
<point x="584" y="454"/>
</points>
</Connector>
<Connector class="oracle.dbtools.crest.swingui.relational.TVFKRelation" oid="8493F169-492C-4C67-539D-AB457EC042C8" otype="FKIndexAssociation" vid_source="B16C0FD7-6A54-E363-6488-AFBA8666C393" vid_target="550BD848-44AF-A133-C750-072F06B6BEA0">
<hideElementsInCurrentOnly>false</hideElementsInCurrentOnly>
<backgroundColor>-16777216</backgroundColor>
<lineWidth>1</lineWidth>
<points>
<point x="879" y="211"/>
<point x="879" y="305"/>
</points>
</Connector>
<Connector class="oracle.dbtools.crest.swingui.relational.TVFKRelation" oid="85309FE3-E300-1282-9108-772C9B1A5DC0" otype="FKIndexAssociation" vid_source="8108DFDD-7116-D850-1CCD-69B4648AAED8" vid_target="CAB10BFA-F5C1-D792-D19B-7F7AEEED966C">
<hideElementsInCurrentOnly>false</hideElementsInCurrentOnly>
<backgroundColor>-16777216</backgroundColor>
<lineWidth>1</lineWidth>
<points>
<point x="767" y="742"/>
<point x="634" y="742"/>
</points>
</Connector>
<Connector class="oracle.dbtools.crest.swingui.relational.TVFKRelation" oid="A7624F00-5811-8AFA-9E34-DC7721D6746D" otype="FKIndexAssociation" vid_source="B16C0FD7-6A54-E363-6488-AFBA8666C393" vid_target="7F7F7A98-5A7F-F7A5-2980-3BE44BF02F92">
<hideElementsInCurrentOnly>false</hideElementsInCurrentOnly>
<backgroundColor>-16777216</backgroundColor>
<lineWidth>1</lineWidth>
<points>
<point x="993" y="182"/>
<point x="1163" y="182"/>
<point x="1163" y="481"/>
</points>
</Connector>
<Connector class="oracle.dbtools.crest.swingui.relational.TVFKRelation" oid="AC00E5C9-885D-E9FF-FD3E-93F92D8609FA" otype="FKIndexAssociation" vid_source="80E070CD-7774-521C-E81B-9F42B7763576" vid_target="550BD848-44AF-A133-C750-072F06B6BEA0">
<hideElementsInCurrentOnly>false</hideElementsInCurrentOnly>
<backgroundColor>-16777216</backgroundColor>
<lineWidth>1</lineWidth>
<points>
<point x="679" y="389"/>
<point x="766" y="385"/>
</points>
</Connector>
<Connector class="oracle.dbtools.crest.swingui.relational.TVFKRelation" oid="B3363E12-E43D-44A4-D806-6ACF22A511A8" otype="FKIndexAssociation" vid_source="BC57BBF9-F1B0-B81D-0B3A-154695A343E2" vid_target="0243F4C8-7667-9954-9967-2C8A709B3F33">
<hideElementsInCurrentOnly>false</hideElementsInCurrentOnly>
<backgroundColor>-16777216</backgroundColor>
<lineWidth>1</lineWidth>
<points>
<point x="169" y="1002"/>
<point x="169" y="927"/>
</points>
</Connector>
<Connector class="oracle.dbtools.crest.swingui.relational.TVFKRelation" oid="B6EA1087-B874-B3D2-6754-7B75B61276ED" otype="FKIndexAssociation" vid_source="5477F0D2-D3A9-5310-B85E-115A887984DA" vid_target="B16C0FD7-6A54-E363-6488-AFBA8666C393">
<hideElementsInCurrentOnly>false</hideElementsInCurrentOnly>
<backgroundColor>-16777216</backgroundColor>
<lineWidth>1</lineWidth>
<points>
<point x="1143" y="83"/>
<point x="993" y="83"/>
</points>
</Connector>
<Connector class="oracle.dbtools.crest.swingui.relational.TVFKRelation" oid="C477CFC7-3445-92A1-4365-172511FBA1F2" otype="FKIndexAssociation" vid_source="B6DFD4AA-8ED6-0AE3-1E67-6AA14CA0BD2C" vid_target="F868ED78-9F01-DB41-CFE1-7862A33F8FE6">
<hideElementsInCurrentOnly>false</hideElementsInCurrentOnly>
<backgroundColor>-16777216</backgroundColor>
<lineWidth>1</lineWidth>
<points>
<point x="149" y="525"/>
<point x="149" y="591"/>
</points>
</Connector>
<Connector class="oracle.dbtools.crest.swingui.relational.TVFKRelation" oid="C61CEA0C-DC14-E3A5-0CC4-F38456486036" otype="FKIndexAssociation" vid_source="CA9697A1-4E18-4921-BECC-7A6C59E9797B" vid_target="00E3C043-2A55-2C2B-87F7-D8BD44CB6FD9">
<hideElementsInCurrentOnly>false</hideElementsInCurrentOnly>
<backgroundColor>-16777216</backgroundColor>
<lineWidth>1</lineWidth>
<points>
<point x="208" y="74"/>
<point x="375" y="74"/>
</points>
</Connector>
<Connector class="oracle.dbtools.crest.swingui.relational.TVFKRelation" oid="E086BF5B-31A3-523C-7EC3-0E57A452E318" otype="FKIndexAssociation" vid_source="CAB10BFA-F5C1-D792-D19B-7F7AEEED966C" vid_target="F295D461-D3F3-0891-CAB0-B921F21C4E31">
<hideElementsInCurrentOnly>false</hideElementsInCurrentOnly>
<backgroundColor>-16777216</backgroundColor>
<lineWidth>1</lineWidth>
<points>
<point x="571" y="700"/>
<point x="571" y="628"/>
<point x="499" y="628"/>
</points>
</Connector>
</connectors>
</Diagram>
