<?xml version = '1.0' encoding = 'UTF-8'?>
<Table class="oracle.dbtools.crest.model.design.relational.Table" directorySegmentName="seg_0" id="0312691D-960E-96C3-7B60-6F896F992F13" name="SUBJECT_CALL">
<createdBy>User</createdBy>
<createdTime>2024-09-17 13:16:20 UTC</createdTime>
<generatorID>C42F91FB-2F71-BA30-2C7A-C42A2E76E14E</generatorID>
<ownerDesignName>A1Logical</ownerDesignName>
<allowColumnReorder>false</allowColumnReorder>
<existDependencyGenerateInDDl>true</existDependencyGenerateInDDl>
<parsed>true</parsed>
<columns itemClass="oracle.dbtools.crest.model.design.relational.Column">
<Column name="sc_no" id="A6D0931A-E6DA-27EF-654C-F81D50B87EF7">
<createdBy>User</createdBy>
<createdTime>2024-09-17 13:16:20 UTC</createdTime>
<commentInRDBMS><![CDATA[surrogate key for subject call entity]]></commentInRDBMS>
<generatorID>A6FA6931-06FF-1258-6396-26B8A42CF10B</generatorID>
<ownerDesignName>A1Logical</ownerDesignName>
<useDomainConstraints>false</useDomainConstraints>
<use>1</use>
<logicalDatatype>LOGDT019</logicalDatatype>
<dataTypePrecision>4</dataTypePrecision>
<ownDataTypeParameters>,4,</ownDataTypeParameters>
<autoIncrementCycle>false</autoIncrementCycle>
</Column>
<Column name="cata_call_no" id="23FD54F7-36CF-01BA-D0CF-8FBC5A7AD0B9">
<createdBy>User</createdBy>
<createdTime>2024-09-17 13:16:20 UTC</createdTime>
<commentInRDBMS><![CDATA[Catalogue call ID]]></commentInRDBMS>
<generatorID>0CC977DF-26FC-7255-5613-7C4163935D1B</generatorID>
<ownerDesignName>A1Logical</ownerDesignName>
<useDomainConstraints>false</useDomainConstraints>
<use>1</use>
<logicalDatatype>LOGDT024</logicalDatatype>
<dataTypeSize>30</dataTypeSize>
<ownDataTypeParameters>,,</ownDataTypeParameters>
<previousColumn>false</previousColumn>
<autoIncrementCycle>false</autoIncrementCycle>
<associations>
<colAssociation fkAssociation="21CAB6B0-B86B-C2D1-B32B-AF0C3A5F6FE4" referredColumn="ADEEACFB-BEC5-473A-2339-4C577081EB81"/>
</associations>
</Column>
<Column name="subject_id" id="3D318707-3A37-5B42-37AE-996E20FBCF6E">
<createdBy>User</createdBy>
<createdTime>2024-09-17 13:16:20 UTC</createdTime>
<commentInRDBMS><![CDATA[Subject ID]]></commentInRDBMS>
<generatorID>3B06CB83-520B-926B-73A3-E4AB9CB1E87D</generatorID>
<ownerDesignName>A1Logical</ownerDesignName>
<useDomainConstraints>false</useDomainConstraints>
<use>1</use>
<logicalDatatype>LOGDT019</logicalDatatype>
<dataTypePrecision>10</dataTypePrecision>
<ownDataTypeParameters>,,</ownDataTypeParameters>
<previousColumn>false</previousColumn>
<autoIncrementCycle>false</autoIncrementCycle>
<associations>
<colAssociation fkAssociation="C477CFC7-3445-92A1-4365-172511FBA1F2" referredColumn="C477C707-4DBB-9143-F09F-C5E2DD17E637"/>
</associations>
</Column>
</columns>
<indexes itemClass="oracle.dbtools.crest.model.design.relational.Index">
<ind_PK_UK id="7424640A-D10F-0919-DFC9-7B3D7B04CF9E" name="SUBJECT_CALL_PK">
<createdBy>User</createdBy>
<createdTime>2024-09-17 13:16:20 UTC</createdTime>
<generatorID>81308EB7-6DBA-20C3-957D-5D70C0A4C41C</generatorID>
<ownerDesignName>A1Logical</ownerDesignName>
<pk>true</pk>
<indexState>Primary Constraint</indexState>
<isSurrogateKey>false</isSurrogateKey>
<indexColumnUsage>
<colUsage columnID="A6D0931A-E6DA-27EF-654C-F81D50B87EF7"/>
</indexColumnUsage>
</ind_PK_UK>
<ind_PK_UK id="77CC359B-6FF5-CF54-8929-78BFF1324313" name="SUBJECT_CALL_NK">
<createdBy>User</createdBy>
<createdTime>2024-09-17 13:16:20 UTC</createdTime>
<generatorID>75433EE5-3309-D572-CBE8-578AED098FD6</generatorID>
<ownerDesignName>A1Logical</ownerDesignName>
<indexState>Unique Constraint</indexState>
<isSurrogateKey>false</isSurrogateKey>
<indexColumnUsage>
<colUsage columnID="23FD54F7-36CF-01BA-D0CF-8FBC5A7AD0B9"/>
<colUsage columnID="3D318707-3A37-5B42-37AE-996E20FBCF6E"/>
</indexColumnUsage>
</ind_PK_UK>
<ind_PK_UK id="CA7DC871-EE0F-DBB3-8AA8-9D9782178D92" name="cat_subcall_fk">
<createdBy>User</createdBy>
<createdTime>2024-09-17 13:16:20 UTC</createdTime>
<generatorID>5888FFB1-B2F9-052D-0AC6-1CECBD12D985</generatorID>
<ownerDesignName>A1Logical</ownerDesignName>
<indexState>Foreign Key</indexState>
<isSurrogateKey>false</isSurrogateKey>
<indexColumnUsage>
<colUsage columnID="23FD54F7-36CF-01BA-D0CF-8FBC5A7AD0B9"/>
</indexColumnUsage>
</ind_PK_UK>
<ind_PK_UK id="13D0BD89-CEC5-4392-9F8B-B5163E25FE15" name="subj_subjcall_fk">
<createdBy>User</createdBy>
<createdTime>2024-09-17 13:16:20 UTC</createdTime>
<generatorID>7EBA4895-5C07-0F25-0916-D3AED3A8FB42</generatorID>
<ownerDesignName>A1Logical</ownerDesignName>
<indexState>Foreign Key</indexState>
<isSurrogateKey>false</isSurrogateKey>
<indexColumnUsage>
<colUsage columnID="3D318707-3A37-5B42-37AE-996E20FBCF6E"/>
</indexColumnUsage>
</ind_PK_UK>
</indexes>
</Table>
