<?xml version = '1.0' encoding = 'UTF-8'?>
<Table class="oracle.dbtools.crest.model.design.relational.Table" directorySegmentName="seg_0" id="03BCEE91-757C-7432-B012-842E5C2BFAA1" name="BORROWER">
<createdBy>User</createdBy>
<createdTime>2024-09-17 13:16:20 UTC</createdTime>
<generatorID>B03542A8-FFED-FAD6-14F4-BBE0253FAD5B</generatorID>
<ownerDesignName>A1Logical</ownerDesignName>
<allowColumnReorder>false</allowColumnReorder>
<existDependencyGenerateInDDl>true</existDependencyGenerateInDDl>
<parsed>true</parsed>
<columns itemClass="oracle.dbtools.crest.model.design.relational.Column">
<Column name="borrower_id" id="4361B13B-AC89-9EB5-8A91-59C65EB6349F">
<createdBy>User</createdBy>
<createdTime>2024-09-17 13:16:20 UTC</createdTime>
<commentInRDBMS><![CDATA[borrower id]]></commentInRDBMS>
<generatorID>4D9EAF52-56D4-1364-D762-2E73A60FA878</generatorID>
<ownerDesignName>A1Logical</ownerDesignName>
<useDomainConstraints>false</useDomainConstraints>
<use>1</use>
<logicalDatatype>LOGDT019</logicalDatatype>
<dataTypePrecision>10</dataTypePrecision>
<ownDataTypeParameters>,10,</ownDataTypeParameters>
<autoIncrementCycle>false</autoIncrementCycle>
</Column>
<Column name="branch_code" id="0F7A0468-FEC0-8EF2-D6B5-C0E2447B3D06">
<createdBy>User</createdBy>
<createdTime>2024-09-17 13:16:20 UTC</createdTime>
<commentInRDBMS><![CDATA[branch code]]></commentInRDBMS>
<generatorID>367D06F6-EDA4-DBE1-A195-A13A8E0F9490</generatorID>
<ownerDesignName>A1Logical</ownerDesignName>
<useDomainConstraints>false</useDomainConstraints>
<use>1</use>
<logicalDatatype>LOGDT019</logicalDatatype>
<dataTypePrecision>10</dataTypePrecision>
<ownDataTypeParameters>,,</ownDataTypeParameters>
<previousColumn>false</previousColumn>
<autoIncrementCycle>false</autoIncrementCycle>
<associations>
<colAssociation fkAssociation="04376085-0CA8-3247-079D-AA57130C4FB8" referredColumn="17A9A187-94B5-A5CC-8765-B82A7817E53B"/>
</associations>
</Column>
<Column name="borrower_fname" id="A69658F4-CA03-8788-C909-6E381C045366">
<createdBy>User</createdBy>
<createdTime>2024-09-17 13:16:20 UTC</createdTime>
<commentInRDBMS><![CDATA[Borrower's first name]]></commentInRDBMS>
<generatorID>70500206-5DB9-32BE-6727-881A6C43DD50</generatorID>
<ownerDesignName>A1Logical</ownerDesignName>
<useDomainConstraints>false</useDomainConstraints>
<use>1</use>
<logicalDatatype>LOGDT024</logicalDatatype>
<dataTypeSize>20</dataTypeSize>
<ownDataTypeParameters>20,,</ownDataTypeParameters>
<autoIncrementCycle>false</autoIncrementCycle>
</Column>
<Column name="borrower_lname" id="0055D701-3E31-C439-FC2F-C2351AF4817B">
<createdBy>User</createdBy>
<createdTime>2024-09-17 13:16:20 UTC</createdTime>
<commentInRDBMS><![CDATA[Borrower's last name]]></commentInRDBMS>
<generatorID>B6831097-1264-84C1-297D-D8257B2AF934</generatorID>
<ownerDesignName>A1Logical</ownerDesignName>
<useDomainConstraints>false</useDomainConstraints>
<use>1</use>
<logicalDatatype>LOGDT024</logicalDatatype>
<dataTypeSize>20</dataTypeSize>
<ownDataTypeParameters>20,,</ownDataTypeParameters>
<autoIncrementCycle>false</autoIncrementCycle>
</Column>
<Column name="borrower_status" id="FE9467E1-706F-D29E-BC97-D803C38E460A">
<createdBy>User</createdBy>
<createdTime>2024-09-17 13:16:20 UTC</createdTime>
<commentInRDBMS><![CDATA[Borrower Status (P - Permitted / B - Banned)]]></commentInRDBMS>
<generatorID>8EFF2031-D6A5-4E28-4A6B-3D6931A17CEC</generatorID>
<ownerDesignName>A1Logical</ownerDesignName>
<constraintName>chk_borrower_status</constraintName>
<useDomainConstraints>false</useDomainConstraints>
<use>1</use>
<logicalDatatype>LOGDT025</logicalDatatype>
<dataTypeSize>1</dataTypeSize>
<listOfValues>
<valueDef value="B" description="Banned"/>
<valueDef value="P" description="Permitted"/>
</listOfValues>
<ownDataTypeParameters>1,,</ownDataTypeParameters>
<autoIncrementCycle>false</autoIncrementCycle>
</Column>
<Column name="borrower_street" id="A41FA881-F78B-06F2-D8FB-05DEC20BB1AA">
<createdBy>User</createdBy>
<createdTime>2024-09-17 13:16:20 UTC</createdTime>
<commentInRDBMS><![CDATA[Borrower Street]]></commentInRDBMS>
<generatorID>61DBABD7-A6F3-4384-4B96-A0096DAF5E4C</generatorID>
<ownerDesignName>A1Logical</ownerDesignName>
<useDomainConstraints>false</useDomainConstraints>
<use>1</use>
<logicalDatatype>LOGDT024</logicalDatatype>
<dataTypeSize>15</dataTypeSize>
<ownDataTypeParameters>15,,</ownDataTypeParameters>
<autoIncrementCycle>false</autoIncrementCycle>
</Column>
<Column name="borrower_city" id="956E7D4C-F85B-78AD-8DD2-98B5B952BFA2">
<createdBy>User</createdBy>
<createdTime>2024-09-17 13:16:20 UTC</createdTime>
<commentInRDBMS><![CDATA[Borrower's city]]></commentInRDBMS>
<generatorID>87A6D764-B26B-0698-C126-311255B937BB</generatorID>
<ownerDesignName>A1Logical</ownerDesignName>
<useDomainConstraints>false</useDomainConstraints>
<use>1</use>
<logicalDatatype>LOGDT024</logicalDatatype>
<dataTypeSize>15</dataTypeSize>
<ownDataTypeParameters>15,,</ownDataTypeParameters>
<autoIncrementCycle>false</autoIncrementCycle>
</Column>
<Column name="borrower_postcode" id="FA401D89-2020-565B-9B32-8DFC88028D53">
<createdBy>User</createdBy>
<createdTime>2024-09-17 13:16:20 UTC</createdTime>
<commentInRDBMS><![CDATA[Borrower's postcode]]></commentInRDBMS>
<generatorID>F0959435-1FD4-9F46-9943-8F60DE1D3726</generatorID>
<ownerDesignName>A1Logical</ownerDesignName>
<useDomainConstraints>false</useDomainConstraints>
<use>1</use>
<logicalDatatype>LOGDT019</logicalDatatype>
<dataTypePrecision>5</dataTypePrecision>
<ownDataTypeParameters>,5,</ownDataTypeParameters>
<autoIncrementCycle>false</autoIncrementCycle>
</Column>
<Column name="borrower_state" id="34119EA3-660E-E9FB-AF87-0680BF2A07BA">
<createdBy>User</createdBy>
<createdTime>2024-09-17 13:16:20 UTC</createdTime>
<commentInRDBMS><![CDATA[Borrower's state]]></commentInRDBMS>
<generatorID>838A0154-977E-74D7-2B58-6020D5499C1D</generatorID>
<ownerDesignName>A1Logical</ownerDesignName>
<useDomainConstraints>false</useDomainConstraints>
<use>1</use>
<logicalDatatype>LOGDT024</logicalDatatype>
<dataTypeSize>15</dataTypeSize>
<ownDataTypeParameters>15,,</ownDataTypeParameters>
<autoIncrementCycle>false</autoIncrementCycle>
</Column>
<Column name="borrower_phone_no" id="FDCBF0B1-A31B-2545-D970-7EB2E940A860">
<createdBy>User</createdBy>
<createdTime>2024-09-17 13:16:20 UTC</createdTime>
<commentInRDBMS><![CDATA[borrower phone number ]]></commentInRDBMS>
<generatorID>CD049774-889B-876B-E2F9-6B19DAC1E35F</generatorID>
<ownerDesignName>A1Logical</ownerDesignName>
<nullsAllowed>true</nullsAllowed>
<useDomainConstraints>false</useDomainConstraints>
<use>1</use>
<logicalDatatype>LOGDT025</logicalDatatype>
<dataTypeSize>12</dataTypeSize>
<ownDataTypeParameters>12,,</ownDataTypeParameters>
<autoIncrementCycle>false</autoIncrementCycle>
</Column>
<Column name="borrow_class_type" id="9A61F513-D3A1-B3DD-0604-275A59F6CD63">
<createdBy>User</createdBy>
<createdTime>2024-09-17 13:16:20 UTC</createdTime>
<commentInRDBMS><![CDATA[Borrower Class (Adult, A, Child, C, Organisation, O)]]></commentInRDBMS>
<generatorID>34717F76-DC8A-0E43-5276-292A387723B3</generatorID>
<ownerDesignName>A1Logical</ownerDesignName>
<useDomainConstraints>false</useDomainConstraints>
<use>1</use>
<logicalDatatype>LOGDT025</logicalDatatype>
<dataTypeSize>1</dataTypeSize>
<ownDataTypeParameters>,,</ownDataTypeParameters>
<previousColumn>false</previousColumn>
<autoIncrementCycle>false</autoIncrementCycle>
<associations>
<colAssociation fkAssociation="B6EA1087-B874-B3D2-6754-7B75B61276ED" referredColumn="C212226D-58C5-3086-7087-9506A7F13ADB"/>
</associations>
</Column>
</columns>
<indexes itemClass="oracle.dbtools.crest.model.design.relational.Index">
<ind_PK_UK id="7870F5B2-285C-CFC2-9997-EC2A6B269023" name="BORROWER_PK">
<createdBy>User</createdBy>
<createdTime>2024-09-17 13:16:20 UTC</createdTime>
<generatorID>91752AE7-DD1E-9204-F5D8-5FBC2A9908CC</generatorID>
<ownerDesignName>A1Logical</ownerDesignName>
<pk>true</pk>
<indexState>Primary Constraint</indexState>
<isSurrogateKey>false</isSurrogateKey>
<indexColumnUsage>
<colUsage columnID="4361B13B-AC89-9EB5-8A91-59C65EB6349F"/>
</indexColumnUsage>
</ind_PK_UK>
<ind_PK_UK id="0EBA4C7C-CCDF-3B57-57DB-E4767E7A1CFE" name="borrower_class_borrower_fk">
<createdBy>User</createdBy>
<createdTime>2024-09-17 13:16:20 UTC</createdTime>
<generatorID>3A647AA9-9550-8773-1634-8DAF977B74B7</generatorID>
<ownerDesignName>A1Logical</ownerDesignName>
<indexState>Foreign Key</indexState>
<isSurrogateKey>false</isSurrogateKey>
<indexColumnUsage>
<colUsage columnID="9A61F513-D3A1-B3DD-0604-275A59F6CD63"/>
</indexColumnUsage>
</ind_PK_UK>
<ind_PK_UK id="E71D4B3A-B6B9-F624-608C-E7AC469B0987" name="branch_borrower_fk">
<createdBy>User</createdBy>
<createdTime>2024-09-17 13:16:20 UTC</createdTime>
<generatorID>D0420E75-91EF-2F0E-B971-BFAC1D7EEDB6</generatorID>
<ownerDesignName>A1Logical</ownerDesignName>
<indexState>Foreign Key</indexState>
<isSurrogateKey>false</isSurrogateKey>
<indexColumnUsage>
<colUsage columnID="0F7A0468-FEC0-8EF2-D6B5-C0E2447B3D06"/>
</indexColumnUsage>
</ind_PK_UK>
</indexes>
</Table>
