<?xml version = '1.0' encoding = 'UTF-8'?>
<Table class="oracle.dbtools.crest.model.design.relational.Table" directorySegmentName="seg_0" id="16AA6EEB-6717-552C-0D22-9D9625A6447C" name="RESERVE">
<createdBy>User</createdBy>
<createdTime>2024-09-17 13:16:20 UTC</createdTime>
<generatorID>F0DB49F2-21D0-1E1F-2345-702EA351ADDB</generatorID>
<ownerDesignName>A1Logical</ownerDesignName>
<allowColumnReorder>false</allowColumnReorder>
<existDependencyGenerateInDDl>true</existDependencyGenerateInDDl>
<parsed>true</parsed>
<columns itemClass="oracle.dbtools.crest.model.design.relational.Column">
<Column name="reserve_no" id="D9585B24-D8DE-FAA8-3E04-6FC9AD3EBDA1">
<createdBy>User</createdBy>
<createdTime>2024-09-17 13:16:20 UTC</createdTime>
<commentInRDBMS><![CDATA[surrogate key for reserve]]></commentInRDBMS>
<generatorID>88A181F3-569E-1B87-AE39-88AB2DF09957</generatorID>
<ownerDesignName>A1Logical</ownerDesignName>
<useDomainConstraints>false</useDomainConstraints>
<use>1</use>
<logicalDatatype>LOGDT019</logicalDatatype>
<dataTypePrecision>5</dataTypePrecision>
<ownDataTypeParameters>,5,</ownDataTypeParameters>
<autoIncrementCycle>false</autoIncrementCycle>
</Column>
<Column name="reserve_datetime" id="74CA6F1C-17E3-0F63-324C-02C768980A4D">
<createdBy>User</createdBy>
<createdTime>2024-09-17 13:16:20 UTC</createdTime>
<commentInRDBMS><![CDATA[Datetime reserve was applied]]></commentInRDBMS>
<generatorID>120A8541-3633-135A-B256-BDE579E6FE66</generatorID>
<ownerDesignName>A1Logical</ownerDesignName>
<useDomainConstraints>false</useDomainConstraints>
<use>1</use>
<logicalDatatype>LOGDT007</logicalDatatype>
<ownDataTypeParameters>,,</ownDataTypeParameters>
<autoIncrementCycle>false</autoIncrementCycle>
</Column>
<Column name="reserve_phone_no" id="AA7BA4F3-86FE-3B25-DEC5-E05E1ABF536A">
<createdBy>User</createdBy>
<createdTime>2024-09-17 13:16:20 UTC</createdTime>
<commentInRDBMS><![CDATA[phone no for book reserve]]></commentInRDBMS>
<generatorID>4D2C8D4C-1C9B-CDBB-6F97-9F748E455C9F</generatorID>
<ownerDesignName>A1Logical</ownerDesignName>
<useDomainConstraints>false</useDomainConstraints>
<use>1</use>
<logicalDatatype>LOGDT019</logicalDatatype>
<dataTypePrecision>12</dataTypePrecision>
<ownDataTypeParameters>,12,</ownDataTypeParameters>
<autoIncrementCycle>false</autoIncrementCycle>
</Column>
<Column name="borrower_id" id="1E84622F-698D-2DBD-89AF-E26666815167">
<createdBy>User</createdBy>
<createdTime>2024-09-17 13:16:20 UTC</createdTime>
<commentInRDBMS><![CDATA[borrower id]]></commentInRDBMS>
<generatorID>484B9C3B-AB6A-B397-0CAD-3EF0B56F87D9</generatorID>
<ownerDesignName>A1Logical</ownerDesignName>
<useDomainConstraints>false</useDomainConstraints>
<use>1</use>
<logicalDatatype>LOGDT019</logicalDatatype>
<dataTypePrecision>10</dataTypePrecision>
<ownDataTypeParameters>,,</ownDataTypeParameters>
<previousColumn>false</previousColumn>
<autoIncrementCycle>false</autoIncrementCycle>
<associations>
<colAssociation fkAssociation="8493F169-492C-4C67-539D-AB457EC042C8" referredColumn="4361B13B-AC89-9EB5-8A91-59C65EB6349F"/>
</associations>
</Column>
<Column name="bookcopy_id" id="2B28AA25-8DCB-4170-2703-17624F87DA3E">
<createdBy>User</createdBy>
<createdTime>2024-09-17 13:16:20 UTC</createdTime>
<commentInRDBMS><![CDATA[book copy id]]></commentInRDBMS>
<generatorID>D91C06EC-D7A9-BEDF-3800-FB70D787F050</generatorID>
<ownerDesignName>A1Logical</ownerDesignName>
<useDomainConstraints>false</useDomainConstraints>
<use>1</use>
<logicalDatatype>LOGDT019</logicalDatatype>
<dataTypePrecision>10</dataTypePrecision>
<ownDataTypeParameters>,,</ownDataTypeParameters>
<previousColumn>false</previousColumn>
<autoIncrementCycle>false</autoIncrementCycle>
<associations>
<colAssociation fkAssociation="AC00E5C9-885D-E9FF-FD3E-93F92D8609FA" referredColumn="7B558573-5571-0186-8070-4D24C7E91304"/>
</associations>
</Column>
<Column name="branch_code" id="7A31FA53-9A52-EA75-0FDC-B5122C025910">
<createdBy>User</createdBy>
<createdTime>2024-09-17 13:16:20 UTC</createdTime>
<commentInRDBMS><![CDATA[branch code]]></commentInRDBMS>
<generatorID>1176938A-5EEF-37BD-47AA-7C65EA2767A5</generatorID>
<ownerDesignName>A1Logical</ownerDesignName>
<useDomainConstraints>false</useDomainConstraints>
<use>1</use>
<logicalDatatype>LOGDT019</logicalDatatype>
<dataTypePrecision>10</dataTypePrecision>
<ownDataTypeParameters>,,</ownDataTypeParameters>
<previousColumn>false</previousColumn>
<autoIncrementCycle>false</autoIncrementCycle>
<associations>
<colAssociation fkAssociation="AC00E5C9-885D-E9FF-FD3E-93F92D8609FA" referredColumn="5789DA39-06BC-D33C-2D08-5AFC9F5290FE"/>
</associations>
</Column>
</columns>
<indexes itemClass="oracle.dbtools.crest.model.design.relational.Index">
<ind_PK_UK id="0F480B2C-3276-9842-1773-8099DF0D78B9" name="RESERVE_PK">
<createdBy>User</createdBy>
<createdTime>2024-09-17 13:16:20 UTC</createdTime>
<generatorID>F31425EB-38CD-899A-17FA-5CAAF42D66C8</generatorID>
<ownerDesignName>A1Logical</ownerDesignName>
<pk>true</pk>
<indexState>Primary Constraint</indexState>
<isSurrogateKey>false</isSurrogateKey>
<indexColumnUsage>
<colUsage columnID="D9585B24-D8DE-FAA8-3E04-6FC9AD3EBDA1"/>
</indexColumnUsage>
</ind_PK_UK>
<ind_PK_UK id="C3B502FB-987E-76D8-1AC6-6D85BFBE2D57" name="RESERVE_NK">
<createdBy>User</createdBy>
<createdTime>2024-09-17 13:16:20 UTC</createdTime>
<generatorID>02CC776D-E334-F585-650A-90D8FFD319E8</generatorID>
<ownerDesignName>A1Logical</ownerDesignName>
<indexState>Unique Constraint</indexState>
<isSurrogateKey>false</isSurrogateKey>
<indexColumnUsage>
<colUsage columnID="74CA6F1C-17E3-0F63-324C-02C768980A4D"/>
<colUsage columnID="AA7BA4F3-86FE-3B25-DEC5-E05E1ABF536A"/>
</indexColumnUsage>
</ind_PK_UK>
<ind_PK_UK id="73AD2846-43A7-FDC9-A2F6-9AB2FE0536AB" name="bookcopy_reserve">
<createdBy>User</createdBy>
<createdTime>2024-09-17 13:16:20 UTC</createdTime>
<generatorID>062774AD-03DD-9BDE-F224-60D0E72B0AEB</generatorID>
<ownerDesignName>A1Logical</ownerDesignName>
<indexState>Foreign Key</indexState>
<isSurrogateKey>false</isSurrogateKey>
<indexColumnUsage>
<colUsage columnID="2B28AA25-8DCB-4170-2703-17624F87DA3E"/>
<colUsage columnID="7A31FA53-9A52-EA75-0FDC-B5122C025910"/>
</indexColumnUsage>
</ind_PK_UK>
<ind_PK_UK id="F3EA5186-538C-A1E6-335F-AB11BC720965" name="borrower_reserve_fk">
<createdBy>User</createdBy>
<createdTime>2024-09-17 13:16:20 UTC</createdTime>
<generatorID>A2AAE546-0388-6B52-43CE-234BC32415F0</generatorID>
<ownerDesignName>A1Logical</ownerDesignName>
<indexState>Foreign Key</indexState>
<isSurrogateKey>false</isSurrogateKey>
<indexColumnUsage>
<colUsage columnID="1E84622F-698D-2DBD-89AF-E26666815167"/>
</indexColumnUsage>
</ind_PK_UK>
</indexes>
</Table>
