<?xml version = '1.0' encoding = 'UTF-8'?>
<Table class="oracle.dbtools.crest.model.design.relational.Table" directorySegmentName="seg_0" id="1FD1FDA4-8F32-433C-2F2B-8392876E3AAB" name="ISBN">
<createdBy>User</createdBy>
<createdTime>2024-09-17 13:16:20 UTC</createdTime>
<generatorID>767BEA53-902C-1D4F-34E2-B392FC273C10</generatorID>
<ownerDesignName>A1Logical</ownerDesignName>
<allowColumnReorder>false</allowColumnReorder>
<existDependencyGenerateInDDl>true</existDependencyGenerateInDDl>
<parsed>true</parsed>
<columns itemClass="oracle.dbtools.crest.model.design.relational.Column">
<Column name="isbn_no" id="92CFA540-A230-5742-4CCC-0A214DFED212">
<createdBy>User</createdBy>
<createdTime>2024-09-17 13:16:20 UTC</createdTime>
<commentInRDBMS><![CDATA[ISBN code]]></commentInRDBMS>
<generatorID>A4A25E14-58A8-66C4-FEF1-152D6356E61C</generatorID>
<ownerDesignName>A1Logical</ownerDesignName>
<useDomainConstraints>false</useDomainConstraints>
<use>1</use>
<logicalDatatype>LOGDT019</logicalDatatype>
<dataTypePrecision>13</dataTypePrecision>
<ownDataTypeParameters>,13,</ownDataTypeParameters>
<autoIncrementCycle>false</autoIncrementCycle>
</Column>
<Column name="cata_call_no" id="A6BFE2F6-F217-E9F1-0DB9-04DF0757C8AF">
<createdBy>User</createdBy>
<createdTime>2024-09-17 13:16:20 UTC</createdTime>
<commentInRDBMS><![CDATA[Catalogue call ID]]></commentInRDBMS>
<generatorID>AD25C6B5-FE91-F643-AD4B-E576A0B326F6</generatorID>
<ownerDesignName>A1Logical</ownerDesignName>
<useDomainConstraints>false</useDomainConstraints>
<use>1</use>
<logicalDatatype>LOGDT024</logicalDatatype>
<dataTypeSize>30</dataTypeSize>
<ownDataTypeParameters>,,</ownDataTypeParameters>
<previousColumn>false</previousColumn>
<autoIncrementCycle>false</autoIncrementCycle>
<associations>
<colAssociation fkAssociation="E086BF5B-31A3-523C-7EC3-0E57A452E318" referredColumn="ADEEACFB-BEC5-473A-2339-4C577081EB81"/>
</associations>
</Column>
<Column name="isbn_covertype" id="C22F03AF-DF49-9220-1C1C-2DF03FB4797F">
<createdBy>User</createdBy>
<createdTime>2024-09-17 13:16:20 UTC</createdTime>
<commentInRDBMS><![CDATA[Cover book type]]></commentInRDBMS>
<generatorID>02BCD370-0A1B-C818-298F-B4788954CAF2</generatorID>
<ownerDesignName>A1Logical</ownerDesignName>
<useDomainConstraints>false</useDomainConstraints>
<use>1</use>
<logicalDatatype>LOGDT024</logicalDatatype>
<dataTypeSize>20</dataTypeSize>
<ownDataTypeParameters>20,,</ownDataTypeParameters>
<autoIncrementCycle>false</autoIncrementCycle>
</Column>
</columns>
<indexes itemClass="oracle.dbtools.crest.model.design.relational.Index">
<ind_PK_UK id="9B49DCBF-FF85-6E51-1B6C-873A4A636024" name="ISBN_PK">
<createdBy>User</createdBy>
<createdTime>2024-09-17 13:16:20 UTC</createdTime>
<generatorID>0C90101B-1F70-2E80-424E-835C9DAA7233</generatorID>
<ownerDesignName>A1Logical</ownerDesignName>
<pk>true</pk>
<indexState>Primary Constraint</indexState>
<isSurrogateKey>false</isSurrogateKey>
<indexColumnUsage>
<colUsage columnID="92CFA540-A230-5742-4CCC-0A214DFED212"/>
</indexColumnUsage>
</ind_PK_UK>
<ind_PK_UK id="D757079D-06EA-71BA-DBD7-2A92A54D0FF7" name="cata_isbn_fk">
<createdBy>User</createdBy>
<createdTime>2024-09-17 13:16:20 UTC</createdTime>
<generatorID>F6F21E90-038A-6663-67B6-A1BC682C2093</generatorID>
<ownerDesignName>A1Logical</ownerDesignName>
<indexState>Foreign Key</indexState>
<isSurrogateKey>false</isSurrogateKey>
<indexColumnUsage>
<colUsage columnID="A6BFE2F6-F217-E9F1-0DB9-04DF0757C8AF"/>
</indexColumnUsage>
</ind_PK_UK>
</indexes>
</Table>
