<?xml version = '1.0' encoding = 'UTF-8'?>
<Table class="oracle.dbtools.crest.model.design.relational.Table" directorySegmentName="seg_0" id="39A5EF38-E23E-79DC-E3F1-8FB88B918E6B" name="CATALOGUE_ENTRY">
<createdBy>User</createdBy>
<createdTime>2024-09-17 13:16:20 UTC</createdTime>
<generatorID>2C73939D-7D05-36E0-A482-F756F31DB906</generatorID>
<ownerDesignName>A1Logical</ownerDesignName>
<allowColumnReorder>false</allowColumnReorder>
<existDependencyGenerateInDDl>true</existDependencyGenerateInDDl>
<parsed>true</parsed>
<columns itemClass="oracle.dbtools.crest.model.design.relational.Column">
<Column name="cata_call_no" id="ADEEACFB-BEC5-473A-2339-4C577081EB81">
<createdBy>User</createdBy>
<createdTime>2024-09-17 13:16:20 UTC</createdTime>
<commentInRDBMS><![CDATA[Catalogue call ID]]></commentInRDBMS>
<generatorID>3BAD8ABE-907E-E774-8C50-6FBA03D1D74B</generatorID>
<ownerDesignName>A1Logical</ownerDesignName>
<useDomainConstraints>false</useDomainConstraints>
<use>1</use>
<logicalDatatype>LOGDT024</logicalDatatype>
<dataTypeSize>30</dataTypeSize>
<ownDataTypeParameters>30,,</ownDataTypeParameters>
<autoIncrementCycle>false</autoIncrementCycle>
</Column>
<Column name="publisher_id" id="BAB0BC18-3701-8076-D781-7E66D5EA0C5D">
<createdBy>User</createdBy>
<createdTime>2024-09-17 13:16:20 UTC</createdTime>
<commentInRDBMS><![CDATA[publisher id]]></commentInRDBMS>
<generatorID>95F7EBDC-3711-05AA-FF00-12D340454A01</generatorID>
<ownerDesignName>A1Logical</ownerDesignName>
<useDomainConstraints>false</useDomainConstraints>
<use>1</use>
<logicalDatatype>LOGDT019</logicalDatatype>
<dataTypePrecision>10</dataTypePrecision>
<ownDataTypeParameters>,,</ownDataTypeParameters>
<previousColumn>false</previousColumn>
<autoIncrementCycle>false</autoIncrementCycle>
<associations>
<colAssociation fkAssociation="85309FE3-E300-1282-9108-772C9B1A5DC0" referredColumn="A40FE8F4-95D4-CC18-2F12-BA2B339CE500"/>
</associations>
</Column>
<Column name="cata_title" id="67FE3198-08F7-A5D9-515B-2F86B5A62442">
<createdBy>User</createdBy>
<createdTime>2024-09-17 13:16:20 UTC</createdTime>
<commentInRDBMS><![CDATA[Catalogue title]]></commentInRDBMS>
<generatorID>DAD092CA-7704-3DCC-CDD1-C4FDFCEFB4DB</generatorID>
<ownerDesignName>A1Logical</ownerDesignName>
<useDomainConstraints>false</useDomainConstraints>
<use>1</use>
<logicalDatatype>LOGDT024</logicalDatatype>
<dataTypeSize>50</dataTypeSize>
<ownDataTypeParameters>50,,</ownDataTypeParameters>
<autoIncrementCycle>false</autoIncrementCycle>
</Column>
<Column name="cata_content" id="25DF52F5-2CDA-DE13-8647-7AC418F107D2">
<createdBy>User</createdBy>
<createdTime>2024-09-17 13:16:20 UTC</createdTime>
<commentInRDBMS><![CDATA[Catalogue description]]></commentInRDBMS>
<generatorID>7027B687-14DA-5E4A-D962-84609A21CB63</generatorID>
<ownerDesignName>A1Logical</ownerDesignName>
<useDomainConstraints>false</useDomainConstraints>
<use>1</use>
<logicalDatatype>LOGDT024</logicalDatatype>
<dataTypeSize>500</dataTypeSize>
<ownDataTypeParameters>500,,</ownDataTypeParameters>
<autoIncrementCycle>false</autoIncrementCycle>
</Column>
<Column name="cata_published_date" id="AAFE8A4A-B681-ECE0-C3C6-05F78EB5D622">
<createdBy>User</createdBy>
<createdTime>2024-09-17 13:16:20 UTC</createdTime>
<commentInRDBMS><![CDATA[Date of catalogue published]]></commentInRDBMS>
<generatorID>87194C9A-BF8B-AEAB-8677-9914F1DF167C</generatorID>
<ownerDesignName>A1Logical</ownerDesignName>
<useDomainConstraints>false</useDomainConstraints>
<use>1</use>
<logicalDatatype>LOGDT019</logicalDatatype>
<dataTypePrecision>4</dataTypePrecision>
<ownDataTypeParameters>,4,</ownDataTypeParameters>
<autoIncrementCycle>false</autoIncrementCycle>
</Column>
<Column name="cata_classification" id="1FDDECA3-A3C8-78EC-754D-F664B06E8B80">
<createdBy>User</createdBy>
<createdTime>2024-09-17 13:16:20 UTC</createdTime>
<commentInRDBMS><![CDATA[Classification of catalogue genre (Reference, R, Fiction, F)]]></commentInRDBMS>
<generatorID>A25568E5-2BF9-CED9-C30C-7F19C01503B4</generatorID>
<ownerDesignName>A1Logical</ownerDesignName>
<constraintName>chk_cataclass</constraintName>
<useDomainConstraints>false</useDomainConstraints>
<use>1</use>
<logicalDatatype>LOGDT025</logicalDatatype>
<dataTypeSize>1</dataTypeSize>
<listOfValues>
<valueDef value="F" description="Fiction"/>
<valueDef value="R" description="Reference"/>
</listOfValues>
<ownDataTypeParameters>1,,</ownDataTypeParameters>
<autoIncrementCycle>false</autoIncrementCycle>
</Column>
<Column name="cata_page_no" id="44C3B27C-2E31-4EF0-472E-4152D85D7A8F">
<createdBy>User</createdBy>
<createdTime>2024-09-17 13:16:20 UTC</createdTime>
<commentInRDBMS><![CDATA[Number of pages]]></commentInRDBMS>
<generatorID>3957CD83-1B1D-A00F-622F-3C04FDE054BC</generatorID>
<ownerDesignName>A1Logical</ownerDesignName>
<useDomainConstraints>false</useDomainConstraints>
<use>1</use>
<logicalDatatype>LOGDT019</logicalDatatype>
<dataTypePrecision>4</dataTypePrecision>
<ownDataTypeParameters>,4,</ownDataTypeParameters>
<autoIncrementCycle>false</autoIncrementCycle>
</Column>
<Column name="cata_reading_level" id="ECAA0DB3-0E48-C39B-18F0-50B97BA26B7E">
<createdBy>User</createdBy>
<createdTime>2024-09-17 13:16:20 UTC</createdTime>
<commentInRDBMS><![CDATA[Reading level of catalogue]]></commentInRDBMS>
<generatorID>40D37C02-18B8-D736-C869-60F0D985290B</generatorID>
<ownerDesignName>A1Logical</ownerDesignName>
<nullsAllowed>true</nullsAllowed>
<useDomainConstraints>false</useDomainConstraints>
<use>1</use>
<logicalDatatype>LOGDT019</logicalDatatype>
<dataTypePrecision>2</dataTypePrecision>
<ownDataTypeParameters>,2,</ownDataTypeParameters>
<autoIncrementCycle>false</autoIncrementCycle>
</Column>
<Column name="cata_language" id="1F94E388-4374-8D3F-91A4-1C96180ED942">
<createdBy>User</createdBy>
<createdTime>2024-09-17 13:16:20 UTC</createdTime>
<commentInRDBMS><![CDATA[Language used]]></commentInRDBMS>
<generatorID>75CF937E-64A2-0040-3BD6-26B9122B95E3</generatorID>
<ownerDesignName>A1Logical</ownerDesignName>
<useDomainConstraints>false</useDomainConstraints>
<use>1</use>
<logicalDatatype>LOGDT024</logicalDatatype>
<dataTypeSize>20</dataTypeSize>
<ownDataTypeParameters>20,,</ownDataTypeParameters>
<autoIncrementCycle>false</autoIncrementCycle>
</Column>
<Column name="cata_note" id="B7CEAD08-D049-FE23-38E0-94885CE6EE73">
<createdBy>User</createdBy>
<createdTime>2024-09-17 13:16:20 UTC</createdTime>
<commentInRDBMS><![CDATA[catalogue notes]]></commentInRDBMS>
<generatorID>60B6D3EE-1B7C-20E8-934D-41FC849A0EF7</generatorID>
<ownerDesignName>A1Logical</ownerDesignName>
<nullsAllowed>true</nullsAllowed>
<useDomainConstraints>false</useDomainConstraints>
<use>1</use>
<logicalDatatype>LOGDT024</logicalDatatype>
<dataTypeSize>200</dataTypeSize>
<ownDataTypeParameters>200,,</ownDataTypeParameters>
<autoIncrementCycle>false</autoIncrementCycle>
</Column>
<Column name="cata_edition" id="A2842718-F49B-59F5-1178-8779DF80D33C">
<createdBy>User</createdBy>
<createdTime>2024-09-17 13:16:20 UTC</createdTime>
<commentInRDBMS><![CDATA[Edition number]]></commentInRDBMS>
<generatorID>F3E62B0B-FB84-D9BF-9273-1E428E5FA14F</generatorID>
<ownerDesignName>A1Logical</ownerDesignName>
<nullsAllowed>true</nullsAllowed>
<useDomainConstraints>false</useDomainConstraints>
<use>1</use>
<logicalDatatype>LOGDT024</logicalDatatype>
<dataTypeSize>20</dataTypeSize>
<ownDataTypeParameters>20,,</ownDataTypeParameters>
<autoIncrementCycle>false</autoIncrementCycle>
</Column>
</columns>
<indexes itemClass="oracle.dbtools.crest.model.design.relational.Index">
<ind_PK_UK id="27EB617F-A09D-DBC1-184F-0F9B835D257F" name="CATALOGUE_ENTRY_PK">
<createdBy>User</createdBy>
<createdTime>2024-09-17 13:16:20 UTC</createdTime>
<generatorID>C972783D-6C42-F60D-8656-F3BD408C1134</generatorID>
<ownerDesignName>A1Logical</ownerDesignName>
<pk>true</pk>
<indexState>Primary Constraint</indexState>
<isSurrogateKey>false</isSurrogateKey>
<indexColumnUsage>
<colUsage columnID="ADEEACFB-BEC5-473A-2339-4C577081EB81"/>
</indexColumnUsage>
</ind_PK_UK>
<ind_PK_UK id="A0D1DD77-9CCA-E3A0-4092-5140D27B6D4D" name="publisher_cata_fk">
<createdBy>User</createdBy>
<createdTime>2024-09-17 13:16:20 UTC</createdTime>
<generatorID>3FFF3397-15B2-3649-450C-A412CEE73C59</generatorID>
<ownerDesignName>A1Logical</ownerDesignName>
<indexState>Foreign Key</indexState>
<isSurrogateKey>false</isSurrogateKey>
<indexColumnUsage>
<colUsage columnID="BAB0BC18-3701-8076-D781-7E66D5EA0C5D"/>
</indexColumnUsage>
</ind_PK_UK>
</indexes>
</Table>
