<?xml version = '1.0' encoding = 'UTF-8'?>
<Table class="oracle.dbtools.crest.model.design.relational.Table" directorySegmentName="seg_0" id="3B9362D9-88C7-EDCF-B844-0DC316456363" name="BORROWER_CLASS">
<createdBy>User</createdBy>
<createdTime>2024-09-17 13:16:20 UTC</createdTime>
<generatorID>5E52A5AC-524A-B0B6-B90E-B24889556936</generatorID>
<ownerDesignName>A1Logical</ownerDesignName>
<allowColumnReorder>false</allowColumnReorder>
<existDependencyGenerateInDDl>true</existDependencyGenerateInDDl>
<parsed>true</parsed>
<columns itemClass="oracle.dbtools.crest.model.design.relational.Column">
<Column name="borrow_class_type" id="C212226D-58C5-3086-7087-9506A7F13ADB">
<createdBy>User</createdBy>
<createdTime>2024-09-17 13:16:20 UTC</createdTime>
<commentInRDBMS><![CDATA[Borrower Class (Adult, A, Child, C, Organisation, O)]]></commentInRDBMS>
<generatorID>1FD523A1-A66B-4AAB-BF8C-7D6EDE480305</generatorID>
<ownerDesignName>A1Logical</ownerDesignName>
<constraintName>chk_borrower_classtype</constraintName>
<useDomainConstraints>false</useDomainConstraints>
<use>1</use>
<logicalDatatype>LOGDT025</logicalDatatype>
<dataTypeSize>1</dataTypeSize>
<listOfValues>
<valueDef value="A" description="Adult"/>
<valueDef value="C" description="Child"/>
<valueDef value="O" description="Organization"/>
</listOfValues>
<ownDataTypeParameters>1,,</ownDataTypeParameters>
<autoIncrementCycle>false</autoIncrementCycle>
</Column>
<Column name="borrow_class_bookamt" id="FFFA9F24-C25B-53B2-C6D9-6CC5E62400DF">
<createdBy>User</createdBy>
<createdTime>2024-09-17 13:16:20 UTC</createdTime>
<commentInRDBMS><![CDATA[book amount that allowed by that class]]></commentInRDBMS>
<generatorID>3A5699BF-C014-5776-0CA6-B16DA8C3DE55</generatorID>
<ownerDesignName>A1Logical</ownerDesignName>
<useDomainConstraints>false</useDomainConstraints>
<use>1</use>
<logicalDatatype>LOGDT019</logicalDatatype>
<dataTypePrecision>2</dataTypePrecision>
<ownDataTypeParameters>,2,</ownDataTypeParameters>
<autoIncrementCycle>false</autoIncrementCycle>
</Column>
<Column name="borrow_class_loan_period" id="06A99834-C153-541A-6FF3-F34ADDDF716C">
<createdBy>User</createdBy>
<createdTime>2024-09-17 13:16:20 UTC</createdTime>
<commentInRDBMS><![CDATA[Loan period allowed for class]]></commentInRDBMS>
<generatorID>34DF8A51-6AAA-D0D9-C44A-74DDF8F86837</generatorID>
<ownerDesignName>A1Logical</ownerDesignName>
<useDomainConstraints>false</useDomainConstraints>
<use>1</use>
<logicalDatatype>LOGDT019</logicalDatatype>
<dataTypePrecision>2</dataTypePrecision>
<ownDataTypeParameters>,2,</ownDataTypeParameters>
<autoIncrementCycle>false</autoIncrementCycle>
</Column>
</columns>
<indexes itemClass="oracle.dbtools.crest.model.design.relational.Index">
<ind_PK_UK id="1D8AC8FF-7214-46EC-0DAE-DABD2B2BDC94" name="BORROWER_CLASS_PK">
<createdBy>User</createdBy>
<createdTime>2024-09-17 13:16:20 UTC</createdTime>
<generatorID>847E015F-72A4-1735-429B-835C245D2C7F</generatorID>
<ownerDesignName>A1Logical</ownerDesignName>
<pk>true</pk>
<indexState>Primary Constraint</indexState>
<isSurrogateKey>false</isSurrogateKey>
<indexColumnUsage>
<colUsage columnID="C212226D-58C5-3086-7087-9506A7F13ADB"/>
</indexColumnUsage>
</ind_PK_UK>
</indexes>
</Table>
