<?xml version = '1.0' encoding = 'UTF-8'?>
<Table class="oracle.dbtools.crest.model.design.relational.Table" directorySegmentName="seg_0" id="4F3A6CA2-3E52-DC05-9CE2-BDB81774F4B5" name="MANAGER">
<createdBy>User</createdBy>
<createdTime>2024-09-17 13:16:20 UTC</createdTime>
<generatorID>2E3C8DD0-DC00-BC44-C9EC-B44B73DA77E2</generatorID>
<ownerDesignName>A1Logical</ownerDesignName>
<allowColumnReorder>false</allowColumnReorder>
<existDependencyGenerateInDDl>true</existDependencyGenerateInDDl>
<parsed>true</parsed>
<columns itemClass="oracle.dbtools.crest.model.design.relational.Column">
<Column name="manager_id" id="56923AA5-7CBA-7A03-596F-1E5E0E40BE4F">
<createdBy>User</createdBy>
<createdTime>2024-09-17 13:16:20 UTC</createdTime>
<commentInRDBMS><![CDATA[manager id]]></commentInRDBMS>
<generatorID>2D5827A2-3FB5-E8BA-CE1F-0B35382EC567</generatorID>
<ownerDesignName>A1Logical</ownerDesignName>
<useDomainConstraints>false</useDomainConstraints>
<use>1</use>
<logicalDatatype>LOGDT019</logicalDatatype>
<dataTypePrecision>10</dataTypePrecision>
<ownDataTypeParameters>,10,</ownDataTypeParameters>
<autoIncrementCycle>false</autoIncrementCycle>
</Column>
<Column name="branch_code" id="1E3F83D6-0A50-2822-FB84-B95271FFF004">
<createdBy>User</createdBy>
<createdTime>2024-09-17 13:16:20 UTC</createdTime>
<commentInRDBMS><![CDATA[branch code]]></commentInRDBMS>
<generatorID>AC02F151-A2B2-E226-E105-51369620DCF9</generatorID>
<ownerDesignName>A1Logical</ownerDesignName>
<useDomainConstraints>false</useDomainConstraints>
<use>1</use>
<logicalDatatype>LOGDT019</logicalDatatype>
<dataTypePrecision>10</dataTypePrecision>
<ownDataTypeParameters>,,</ownDataTypeParameters>
<previousColumn>false</previousColumn>
<autoIncrementCycle>false</autoIncrementCycle>
<associations>
<colAssociation fkAssociation="51FEE152-2D8D-F2F3-394F-4498436EE023" referredColumn="17A9A187-94B5-A5CC-8765-B82A7817E53B"/>
</associations>
</Column>
<Column name="manager_fname" id="CED958BE-A36F-AA12-847E-966C653F6183">
<createdBy>User</createdBy>
<createdTime>2024-09-17 13:16:20 UTC</createdTime>
<commentInRDBMS><![CDATA[Manager's first name]]></commentInRDBMS>
<generatorID>AB5487C4-08C5-118A-1C0E-B5364E729640</generatorID>
<ownerDesignName>A1Logical</ownerDesignName>
<useDomainConstraints>false</useDomainConstraints>
<use>1</use>
<logicalDatatype>LOGDT024</logicalDatatype>
<dataTypeSize>20</dataTypeSize>
<ownDataTypeParameters>20,,</ownDataTypeParameters>
<autoIncrementCycle>false</autoIncrementCycle>
</Column>
<Column name="manager_lname" id="40745961-A352-8C95-3E45-3A6BD74E2029">
<createdBy>User</createdBy>
<createdTime>2024-09-17 13:16:20 UTC</createdTime>
<commentInRDBMS><![CDATA[Manager's last name]]></commentInRDBMS>
<generatorID>C2AD7F22-EB4B-4895-5D22-B504D517AEB7</generatorID>
<ownerDesignName>A1Logical</ownerDesignName>
<useDomainConstraints>false</useDomainConstraints>
<use>1</use>
<logicalDatatype>LOGDT024</logicalDatatype>
<dataTypeSize>20</dataTypeSize>
<ownDataTypeParameters>20,,</ownDataTypeParameters>
<autoIncrementCycle>false</autoIncrementCycle>
</Column>
<Column name="manager_phone_no" id="BF269B62-8BDE-3105-02E3-AE4DAFD518F8">
<createdBy>User</createdBy>
<createdTime>2024-09-17 13:16:20 UTC</createdTime>
<commentInRDBMS><![CDATA[Manager's phone number]]></commentInRDBMS>
<generatorID>8D3F8AC4-22ED-A82B-E3F1-68E5E04BE005</generatorID>
<ownerDesignName>A1Logical</ownerDesignName>
<useDomainConstraints>false</useDomainConstraints>
<use>1</use>
<logicalDatatype>LOGDT025</logicalDatatype>
<dataTypeSize>12</dataTypeSize>
<ownDataTypeParameters>12,,</ownDataTypeParameters>
<autoIncrementCycle>false</autoIncrementCycle>
</Column>
</columns>
<indexes itemClass="oracle.dbtools.crest.model.design.relational.Index">
<ind_PK_UK id="6C93E1EA-CAD9-9DB7-0D49-885866D52CC9" name="MANAGER_PK">
<createdBy>User</createdBy>
<createdTime>2024-09-17 13:16:20 UTC</createdTime>
<generatorID>F88386C8-3A23-FA11-B733-EC4F598E406C</generatorID>
<ownerDesignName>A1Logical</ownerDesignName>
<pk>true</pk>
<indexState>Primary Constraint</indexState>
<isSurrogateKey>false</isSurrogateKey>
<indexColumnUsage>
<colUsage columnID="56923AA5-7CBA-7A03-596F-1E5E0E40BE4F"/>
</indexColumnUsage>
</ind_PK_UK>
<ind_PK_UK id="91F8071B-5346-AF0E-4A57-85898153FE37" name="MANAGER__IDX">
<createdBy>User</createdBy>
<createdTime>2024-09-17 13:16:20 UTC</createdTime>
<ownerDesignName>A1Logical</ownerDesignName>
<indexState>Unique Plain Index</indexState>
<isSurrogateKey>false</isSurrogateKey>
<relationGeneratorID>318920BA-9BA6-09E0-D04A-8A08AEF0D2BE</relationGeneratorID>
<indexColumnUsage>
<colUsage columnID="1E3F83D6-0A50-2822-FB84-B95271FFF004"/>
</indexColumnUsage>
</ind_PK_UK>
<ind_PK_UK id="F5169D86-C875-9F69-7D07-CEB535131666" name="branch_manager_fk">
<createdBy>User</createdBy>
<createdTime>2024-09-17 13:16:20 UTC</createdTime>
<generatorID>318920BA-9BA6-09E0-D04A-8A08AEF0D2BE</generatorID>
<ownerDesignName>A1Logical</ownerDesignName>
<indexState>Foreign Key</indexState>
<isSurrogateKey>false</isSurrogateKey>
<indexColumnUsage>
<colUsage columnID="1E3F83D6-0A50-2822-FB84-B95271FFF004"/>
</indexColumnUsage>
</ind_PK_UK>
</indexes>
</Table>
