<?xml version = '1.0' encoding = 'UTF-8'?>
<Table class="oracle.dbtools.crest.model.design.relational.Table" directorySegmentName="seg_0" id="7EC8D13D-76CD-2815-25E4-3886771CC4C2" name="BRANCH">
<createdBy>User</createdBy>
<createdTime>2024-09-17 13:16:20 UTC</createdTime>
<generatorID>2D146D19-B43F-5EA5-06DA-FC0659E58F45</generatorID>
<ownerDesignName>A1Logical</ownerDesignName>
<allowColumnReorder>false</allowColumnReorder>
<existDependencyGenerateInDDl>true</existDependencyGenerateInDDl>
<parsed>true</parsed>
<columns itemClass="oracle.dbtools.crest.model.design.relational.Column">
<Column name="branch_code" id="17A9A187-94B5-A5CC-8765-B82A7817E53B">
<createdBy>User</createdBy>
<createdTime>2024-09-17 13:16:20 UTC</createdTime>
<commentInRDBMS><![CDATA[branch code]]></commentInRDBMS>
<generatorID>F27B7681-EC73-E0FE-05DE-EDE44D029FA0</generatorID>
<ownerDesignName>A1Logical</ownerDesignName>
<useDomainConstraints>false</useDomainConstraints>
<use>1</use>
<logicalDatatype>LOGDT019</logicalDatatype>
<dataTypePrecision>10</dataTypePrecision>
<ownDataTypeParameters>,10,</ownDataTypeParameters>
<autoIncrementCycle>false</autoIncrementCycle>
</Column>
<Column name="lga_code" id="0802E6F4-AC7E-E6B0-3BA1-657134D9AB39">
<createdBy>User</createdBy>
<createdTime>2024-09-17 13:16:20 UTC</createdTime>
<commentInRDBMS><![CDATA[lga code]]></commentInRDBMS>
<generatorID>469EF27C-5522-B2DC-B163-702D0E274612</generatorID>
<ownerDesignName>A1Logical</ownerDesignName>
<useDomainConstraints>false</useDomainConstraints>
<use>1</use>
<logicalDatatype>LOGDT019</logicalDatatype>
<dataTypePrecision>10</dataTypePrecision>
<ownDataTypeParameters>,,</ownDataTypeParameters>
<previousColumn>false</previousColumn>
<autoIncrementCycle>false</autoIncrementCycle>
<associations>
<colAssociation fkAssociation="C61CEA0C-DC14-E3A5-0CC4-F38456486036" referredColumn="DB8A89A8-78ED-CFDE-1231-D7A229C493C5"/>
</associations>
</Column>
<Column name="manager_id" id="86DE34F4-D057-7214-2203-4B5B21D7C897">
<createdBy>User</createdBy>
<createdTime>2024-09-17 13:16:20 UTC</createdTime>
<commentInRDBMS><![CDATA[manager id]]></commentInRDBMS>
<generatorID>90F87F6D-376E-554D-4504-B5FB076930C9</generatorID>
<ownerDesignName>A1Logical</ownerDesignName>
<useDomainConstraints>false</useDomainConstraints>
<use>1</use>
<logicalDatatype>LOGDT019</logicalDatatype>
<dataTypePrecision>10</dataTypePrecision>
<ownDataTypeParameters>,,</ownDataTypeParameters>
<previousColumn>false</previousColumn>
<autoIncrementCycle>false</autoIncrementCycle>
<associations>
<colAssociation fkAssociation="21486852-2173-3E7D-1E35-DFE4231B6787" referredColumn="56923AA5-7CBA-7A03-596F-1E5E0E40BE4F"/>
</associations>
</Column>
<Column name="branch_name" id="E48B91C0-FF93-1DCC-591D-0EFF09E9D4D8">
<createdBy>User</createdBy>
<createdTime>2024-09-17 13:16:20 UTC</createdTime>
<commentInRDBMS><![CDATA[Name of Branch]]></commentInRDBMS>
<generatorID>8D88D2B8-6AF0-007F-7891-7135ACFD896E</generatorID>
<ownerDesignName>A1Logical</ownerDesignName>
<useDomainConstraints>false</useDomainConstraints>
<use>1</use>
<logicalDatatype>LOGDT024</logicalDatatype>
<dataTypeSize>20</dataTypeSize>
<ownDataTypeParameters>20,,</ownDataTypeParameters>
<autoIncrementCycle>false</autoIncrementCycle>
</Column>
<Column name="branch_address" id="1EA8B371-96D5-9532-3784-1A80A7182F74">
<createdBy>User</createdBy>
<createdTime>2024-09-17 13:16:20 UTC</createdTime>
<commentInRDBMS><![CDATA[Branch address]]></commentInRDBMS>
<generatorID>FAA9FF53-7BCD-79D9-03CB-000216E553F9</generatorID>
<ownerDesignName>A1Logical</ownerDesignName>
<useDomainConstraints>false</useDomainConstraints>
<use>1</use>
<logicalDatatype>LOGDT024</logicalDatatype>
<dataTypeSize>50</dataTypeSize>
<ownDataTypeParameters>50,,</ownDataTypeParameters>
<autoIncrementCycle>false</autoIncrementCycle>
</Column>
<Column name="branch_phone_no" id="49F4437E-6DB8-A4FC-D649-F529667765E4">
<createdBy>User</createdBy>
<createdTime>2024-09-17 13:16:20 UTC</createdTime>
<commentInRDBMS><![CDATA[Branch phone number]]></commentInRDBMS>
<generatorID>2B3BDAE2-45A8-D9B7-7063-442CD4181903</generatorID>
<ownerDesignName>A1Logical</ownerDesignName>
<useDomainConstraints>false</useDomainConstraints>
<use>1</use>
<logicalDatatype>LOGDT025</logicalDatatype>
<dataTypeSize>12</dataTypeSize>
<ownDataTypeParameters>12,,</ownDataTypeParameters>
<autoIncrementCycle>false</autoIncrementCycle>
</Column>
</columns>
<indexes itemClass="oracle.dbtools.crest.model.design.relational.Index">
<ind_PK_UK id="7C4792A6-FBC1-51A1-B7CE-749DE8B54E80" name="BRANCH_PK">
<createdBy>User</createdBy>
<createdTime>2024-09-17 13:16:20 UTC</createdTime>
<generatorID>54081044-F55A-7D3B-CC96-21303C4E4381</generatorID>
<ownerDesignName>A1Logical</ownerDesignName>
<pk>true</pk>
<indexState>Primary Constraint</indexState>
<isSurrogateKey>false</isSurrogateKey>
<indexColumnUsage>
<colUsage columnID="17A9A187-94B5-A5CC-8765-B82A7817E53B"/>
</indexColumnUsage>
</ind_PK_UK>
<ind_PK_UK id="05CD1290-3B9B-2D60-3C7F-F253CB933E59" name="lga_branch_fk">
<createdBy>User</createdBy>
<createdTime>2024-09-17 13:16:20 UTC</createdTime>
<generatorID>46168820-A9AD-177F-F9FB-10FBCD3F874A</generatorID>
<ownerDesignName>A1Logical</ownerDesignName>
<indexState>Foreign Key</indexState>
<isSurrogateKey>false</isSurrogateKey>
<indexColumnUsage>
<colUsage columnID="0802E6F4-AC7E-E6B0-3BA1-657134D9AB39"/>
</indexColumnUsage>
</ind_PK_UK>
<ind_PK_UK id="C9384662-6EE0-0CE8-D9BD-1817EE37D5BB" name="manager_branch_fk">
<createdBy>User</createdBy>
<createdTime>2024-09-17 13:16:20 UTC</createdTime>
<generatorID>06C405E7-C811-CFB6-6E0D-F7B34C69E9D0</generatorID>
<ownerDesignName>A1Logical</ownerDesignName>
<indexState>Foreign Key</indexState>
<isSurrogateKey>false</isSurrogateKey>
<indexColumnUsage>
<colUsage columnID="86DE34F4-D057-7214-2203-4B5B21D7C897"/>
</indexColumnUsage>
</ind_PK_UK>
</indexes>
</Table>
