<?xml version = '1.0' encoding = 'UTF-8'?>
<Table class="oracle.dbtools.crest.model.design.relational.Table" directorySegmentName="seg_0" id="813D9B73-638F-C908-E5BC-A5B5A7FCD831" name="AUTHOR">
<createdBy>User</createdBy>
<createdTime>2024-09-17 13:16:20 UTC</createdTime>
<generatorID>554DC5A5-42C1-9566-4259-632982FDA0B5</generatorID>
<ownerDesignName>A1Logical</ownerDesignName>
<allowColumnReorder>false</allowColumnReorder>
<existDependencyGenerateInDDl>true</existDependencyGenerateInDDl>
<parsed>true</parsed>
<columns itemClass="oracle.dbtools.crest.model.design.relational.Column">
<Column name="author_id" id="853A8C8B-BFDE-96BB-CF18-2EA83FC19D1E">
<createdBy>User</createdBy>
<createdTime>2024-09-17 13:16:20 UTC</createdTime>
<commentInRDBMS><![CDATA[author id]]></commentInRDBMS>
<generatorID>8ACBA6A6-842C-79A0-E9CC-6BF1F1A35AF5</generatorID>
<ownerDesignName>A1Logical</ownerDesignName>
<useDomainConstraints>false</useDomainConstraints>
<use>1</use>
<logicalDatatype>LOGDT019</logicalDatatype>
<dataTypePrecision>4</dataTypePrecision>
<ownDataTypeParameters>,4,</ownDataTypeParameters>
<autoIncrementCycle>false</autoIncrementCycle>
</Column>
<Column name="author_fname" id="6FF1A1D8-09E0-BCF9-4E95-6E8779AA27DB">
<createdBy>User</createdBy>
<createdTime>2024-09-17 13:16:20 UTC</createdTime>
<commentInRDBMS><![CDATA[Author's first name]]></commentInRDBMS>
<generatorID>2FDD96E6-7262-49EA-887D-8426C743F8D7</generatorID>
<ownerDesignName>A1Logical</ownerDesignName>
<useDomainConstraints>false</useDomainConstraints>
<use>1</use>
<logicalDatatype>LOGDT024</logicalDatatype>
<dataTypeSize>20</dataTypeSize>
<ownDataTypeParameters>20,,</ownDataTypeParameters>
<autoIncrementCycle>false</autoIncrementCycle>
</Column>
<Column name="author_lname" id="85BD75FF-F6DB-555E-16C3-2043EAAD5065">
<createdBy>User</createdBy>
<createdTime>2024-09-17 13:16:20 UTC</createdTime>
<commentInRDBMS><![CDATA[Author's last name]]></commentInRDBMS>
<generatorID>8B8E9405-2782-2738-F987-B1FFB5016223</generatorID>
<ownerDesignName>A1Logical</ownerDesignName>
<useDomainConstraints>false</useDomainConstraints>
<use>1</use>
<logicalDatatype>LOGDT024</logicalDatatype>
<dataTypeSize>20</dataTypeSize>
<ownDataTypeParameters>20,,</ownDataTypeParameters>
<autoIncrementCycle>false</autoIncrementCycle>
</Column>
</columns>
<indexes itemClass="oracle.dbtools.crest.model.design.relational.Index">
<ind_PK_UK id="5B9FAA2D-F386-2B75-8ABA-2D368EEEE57B" name="AUTHOR_PK">
<createdBy>User</createdBy>
<createdTime>2024-09-17 13:16:20 UTC</createdTime>
<generatorID>79C28FC5-7D03-9C37-5311-1EB55CA1C2F9</generatorID>
<ownerDesignName>A1Logical</ownerDesignName>
<pk>true</pk>
<indexState>Primary Constraint</indexState>
<isSurrogateKey>false</isSurrogateKey>
<indexColumnUsage>
<colUsage columnID="853A8C8B-BFDE-96BB-CF18-2EA83FC19D1E"/>
</indexColumnUsage>
</ind_PK_UK>
</indexes>
</Table>
