<?xml version = '1.0' encoding = 'UTF-8'?>
<Table class="oracle.dbtools.crest.model.design.relational.Table" directorySegmentName="seg_0" id="84129A07-54D4-023F-7645-77E955ADD74C" name="BOOK_COPY">
<createdBy>User</createdBy>
<createdTime>2024-09-17 13:16:20 UTC</createdTime>
<generatorID>052FE11E-F332-E0F5-6407-8356D9EEE31D</generatorID>
<ownerDesignName>A1Logical</ownerDesignName>
<allowColumnReorder>false</allowColumnReorder>
<existDependencyGenerateInDDl>true</existDependencyGenerateInDDl>
<parsed>true</parsed>
<columns itemClass="oracle.dbtools.crest.model.design.relational.Column">
<Column name="bookcopy_id" id="7B558573-5571-0186-8070-4D24C7E91304">
<createdBy>User</createdBy>
<createdTime>2024-09-17 13:16:20 UTC</createdTime>
<commentInRDBMS><![CDATA[book copy id]]></commentInRDBMS>
<generatorID>E6C86AF8-DB97-A584-244A-D6B8498ADC1D</generatorID>
<ownerDesignName>A1Logical</ownerDesignName>
<useDomainConstraints>false</useDomainConstraints>
<use>1</use>
<logicalDatatype>LOGDT019</logicalDatatype>
<dataTypePrecision>10</dataTypePrecision>
<ownDataTypeParameters>,10,</ownDataTypeParameters>
<autoIncrementCycle>false</autoIncrementCycle>
</Column>
<Column name="branch_code" id="5789DA39-06BC-D33C-2D08-5AFC9F5290FE">
<createdBy>User</createdBy>
<createdTime>2024-09-17 13:16:20 UTC</createdTime>
<commentInRDBMS><![CDATA[branch code]]></commentInRDBMS>
<generatorID>278F7D66-3321-6550-A942-2CD64DD1C874</generatorID>
<ownerDesignName>A1Logical</ownerDesignName>
<useDomainConstraints>false</useDomainConstraints>
<use>1</use>
<logicalDatatype>LOGDT019</logicalDatatype>
<dataTypePrecision>10</dataTypePrecision>
<ownDataTypeParameters>,,</ownDataTypeParameters>
<previousColumn>false</previousColumn>
<autoIncrementCycle>false</autoIncrementCycle>
<associations>
<colAssociation fkAssociation="29D94DBB-996D-742F-AECA-97023CFC6048" referredColumn="17A9A187-94B5-A5CC-8765-B82A7817E53B"/>
</associations>
</Column>
<Column name="bookcopy_flag" id="1CEBD359-17F4-01A4-E8E9-92B114464301">
<createdBy>User</createdBy>
<createdTime>2024-09-17 13:16:20 UTC</createdTime>
<commentInRDBMS><![CDATA[flag (Reserve, R, On Loan, L, Available, A, Stolen, S, Lost/Gone, G, Damage, D)]]></commentInRDBMS>
<generatorID>31BD43CC-E681-D62B-6796-6BB907B5A831</generatorID>
<ownerDesignName>A1Logical</ownerDesignName>
<constraintName>chk_bookcopy_status</constraintName>
<useDomainConstraints>false</useDomainConstraints>
<use>1</use>
<logicalDatatype>LOGDT025</logicalDatatype>
<dataTypeSize>1</dataTypeSize>
<listOfValues>
<valueDef value="A" description="Available for borrowing"/>
<valueDef value="D" description="Damaged"/>
<valueDef value="G" description="Lost/Gone"/>
<valueDef value="L" description="On Loan"/>
<valueDef value="R" description="Counter Reserve"/>
<valueDef value="S" description="Stolen"/>
</listOfValues>
<ownDataTypeParameters>1,,</ownDataTypeParameters>
<autoIncrementCycle>false</autoIncrementCycle>
</Column>
<Column name="bookcopy_price" id="1FB911FE-4462-323B-E471-C26A29435AD0">
<createdBy>User</createdBy>
<createdTime>2024-09-17 13:16:20 UTC</createdTime>
<commentInRDBMS><![CDATA[Price to purchase  bookcopy]]></commentInRDBMS>
<generatorID>9C8CFD73-9834-AE97-A412-592CD30CCFE9</generatorID>
<ownerDesignName>A1Logical</ownerDesignName>
<useDomainConstraints>false</useDomainConstraints>
<use>1</use>
<logicalDatatype>LOGDT019</logicalDatatype>
<dataTypePrecision>4</dataTypePrecision>
<dataTypeScale>2</dataTypeScale>
<ownDataTypeParameters>,4,2</ownDataTypeParameters>
<autoIncrementCycle>false</autoIncrementCycle>
</Column>
<Column name="isbn_no" id="1C9CA95E-DEE7-F08F-6507-78A00D1D6DA0">
<createdBy>User</createdBy>
<createdTime>2024-09-17 13:16:20 UTC</createdTime>
<commentInRDBMS><![CDATA[ISBN code]]></commentInRDBMS>
<generatorID>B8C6A680-DB84-7E46-04FA-AF974C84AB01</generatorID>
<ownerDesignName>A1Logical</ownerDesignName>
<useDomainConstraints>false</useDomainConstraints>
<use>1</use>
<logicalDatatype>LOGDT019</logicalDatatype>
<dataTypePrecision>13</dataTypePrecision>
<ownDataTypeParameters>,,</ownDataTypeParameters>
<previousColumn>false</previousColumn>
<autoIncrementCycle>false</autoIncrementCycle>
<associations>
<colAssociation fkAssociation="7DBE260D-6B26-0F84-EF4D-C3105284688A" referredColumn="92CFA540-A230-5742-4CCC-0A214DFED212"/>
</associations>
</Column>
</columns>
<indexes itemClass="oracle.dbtools.crest.model.design.relational.Index">
<ind_PK_UK id="57571C73-FE53-A775-29B7-FB10DF1C4901" name="BOOK_COPY_PK">
<createdBy>User</createdBy>
<createdTime>2024-09-17 13:16:20 UTC</createdTime>
<generatorID>6829C3A8-6AF4-37B8-77FA-A20D40AAA86F</generatorID>
<ownerDesignName>A1Logical</ownerDesignName>
<pk>true</pk>
<indexState>Primary Constraint</indexState>
<isSurrogateKey>false</isSurrogateKey>
<indexColumnUsage>
<colUsage columnID="7B558573-5571-0186-8070-4D24C7E91304"/>
<colUsage columnID="5789DA39-06BC-D33C-2D08-5AFC9F5290FE"/>
</indexColumnUsage>
</ind_PK_UK>
<ind_PK_UK id="AA9FF35B-57D2-75CF-9881-645AF0226F26" name="branch_bookcopy_fk">
<createdBy>User</createdBy>
<createdTime>2024-09-17 13:16:20 UTC</createdTime>
<generatorID>60E062E2-CF00-F053-C44E-A0DEDB95D5A4</generatorID>
<ownerDesignName>A1Logical</ownerDesignName>
<indexState>Foreign Key</indexState>
<isSurrogateKey>false</isSurrogateKey>
<indexColumnUsage>
<colUsage columnID="5789DA39-06BC-D33C-2D08-5AFC9F5290FE"/>
</indexColumnUsage>
</ind_PK_UK>
<ind_PK_UK id="D77BEDDA-B901-3128-8AAE-C6D07D7B2569" name="isbn_bookcopy_fk">
<createdBy>User</createdBy>
<createdTime>2024-09-17 13:16:20 UTC</createdTime>
<generatorID>597E948A-7900-29CB-1CEB-64D6C8043B0E</generatorID>
<ownerDesignName>A1Logical</ownerDesignName>
<indexState>Foreign Key</indexState>
<isSurrogateKey>false</isSurrogateKey>
<indexColumnUsage>
<colUsage columnID="1C9CA95E-DEE7-F08F-6507-78A00D1D6DA0"/>
</indexColumnUsage>
</ind_PK_UK>
</indexes>
</Table>
