<?xml version = '1.0' encoding = 'UTF-8'?>
<Table class="oracle.dbtools.crest.model.design.relational.Table" directorySegmentName="seg_0" id="8F54C544-13CC-8139-F9AA-3A8C7425CD72" name="AUTHOR_CALL">
<createdBy>User</createdBy>
<createdTime>2024-09-17 13:16:20 UTC</createdTime>
<generatorID>9DE0A86D-0BF3-0F39-3004-EC0CC9AB9B48</generatorID>
<ownerDesignName>A1Logical</ownerDesignName>
<allowColumnReorder>false</allowColumnReorder>
<existDependencyGenerateInDDl>true</existDependencyGenerateInDDl>
<parsed>true</parsed>
<columns itemClass="oracle.dbtools.crest.model.design.relational.Column">
<Column name="ac_no" id="BF0ACC82-D393-4570-E33F-69793E2C71FF">
<createdBy>User</createdBy>
<createdTime>2024-09-17 13:16:20 UTC</createdTime>
<commentInRDBMS><![CDATA[author catalogue entry (surrogate pk)]]></commentInRDBMS>
<generatorID>FC44B549-B020-95C7-99E1-FDCE89BC09C8</generatorID>
<ownerDesignName>A1Logical</ownerDesignName>
<useDomainConstraints>false</useDomainConstraints>
<use>1</use>
<logicalDatatype>LOGDT019</logicalDatatype>
<dataTypePrecision>4</dataTypePrecision>
<ownDataTypeParameters>,4,</ownDataTypeParameters>
<autoIncrementCycle>false</autoIncrementCycle>
</Column>
<Column name="author_id" id="61CD9DFE-43D1-B6D5-FDA1-91C69030F04B">
<createdBy>User</createdBy>
<createdTime>2024-09-17 13:16:20 UTC</createdTime>
<commentInRDBMS><![CDATA[author id]]></commentInRDBMS>
<generatorID>0B4987F6-5B70-C080-026C-8429414CDEF0</generatorID>
<ownerDesignName>A1Logical</ownerDesignName>
<useDomainConstraints>false</useDomainConstraints>
<use>1</use>
<logicalDatatype>LOGDT019</logicalDatatype>
<dataTypePrecision>4</dataTypePrecision>
<ownDataTypeParameters>,,</ownDataTypeParameters>
<previousColumn>false</previousColumn>
<autoIncrementCycle>false</autoIncrementCycle>
<associations>
<colAssociation fkAssociation="B3363E12-E43D-44A4-D806-6ACF22A511A8" referredColumn="853A8C8B-BFDE-96BB-CF18-2EA83FC19D1E"/>
</associations>
</Column>
<Column name="cata_call_no" id="B649762A-38D5-514A-A9D5-3704B0D09A48">
<createdBy>User</createdBy>
<createdTime>2024-09-17 13:16:20 UTC</createdTime>
<commentInRDBMS><![CDATA[Catalogue call ID]]></commentInRDBMS>
<generatorID>94470069-4505-4CAA-FD49-5F285F1E9B1D</generatorID>
<ownerDesignName>A1Logical</ownerDesignName>
<useDomainConstraints>false</useDomainConstraints>
<use>1</use>
<logicalDatatype>LOGDT024</logicalDatatype>
<dataTypeSize>30</dataTypeSize>
<ownDataTypeParameters>,,</ownDataTypeParameters>
<previousColumn>false</previousColumn>
<autoIncrementCycle>false</autoIncrementCycle>
<associations>
<colAssociation fkAssociation="5D95F630-72EA-4CAB-A5BF-8275B906E9C4" referredColumn="ADEEACFB-BEC5-473A-2339-4C577081EB81"/>
</associations>
</Column>
</columns>
<indexes itemClass="oracle.dbtools.crest.model.design.relational.Index">
<ind_PK_UK id="775DBC9A-EA49-5B49-CCB0-2F35F3F49EC1" name="AUTHOR_CALL_PK">
<createdBy>User</createdBy>
<createdTime>2024-09-17 13:16:20 UTC</createdTime>
<generatorID>FA1C90A5-5C0E-79A5-7517-53F1B49E8F3F</generatorID>
<ownerDesignName>A1Logical</ownerDesignName>
<pk>true</pk>
<indexState>Primary Constraint</indexState>
<isSurrogateKey>false</isSurrogateKey>
<indexColumnUsage>
<colUsage columnID="BF0ACC82-D393-4570-E33F-69793E2C71FF"/>
</indexColumnUsage>
</ind_PK_UK>
<ind_PK_UK id="804D16B8-E19D-5A56-2835-AA322DB4CCC0" name="AUTHOR_CALL_NK">
<createdBy>User</createdBy>
<createdTime>2024-09-17 13:16:20 UTC</createdTime>
<generatorID>84643A53-5BC7-2226-4B92-71EA6EE09DB3</generatorID>
<ownerDesignName>A1Logical</ownerDesignName>
<indexState>Unique Constraint</indexState>
<isSurrogateKey>false</isSurrogateKey>
<indexColumnUsage>
<colUsage columnID="B649762A-38D5-514A-A9D5-3704B0D09A48"/>
<colUsage columnID="61CD9DFE-43D1-B6D5-FDA1-91C69030F04B"/>
</indexColumnUsage>
</ind_PK_UK>
<ind_PK_UK id="7E745BAA-F822-EE34-551F-04C9CB71E032" name="author_athcall_fk">
<createdBy>User</createdBy>
<createdTime>2024-09-17 13:16:20 UTC</createdTime>
<generatorID>5B367922-7B69-098B-1800-872405C4F6E5</generatorID>
<ownerDesignName>A1Logical</ownerDesignName>
<indexState>Foreign Key</indexState>
<isSurrogateKey>false</isSurrogateKey>
<indexColumnUsage>
<colUsage columnID="61CD9DFE-43D1-B6D5-FDA1-91C69030F04B"/>
</indexColumnUsage>
</ind_PK_UK>
<ind_PK_UK id="6304A811-9A82-22C8-E5E3-552466311DE7" name="cata_athcall_fk">
<createdBy>User</createdBy>
<createdTime>2024-09-17 13:16:20 UTC</createdTime>
<generatorID>5F099C59-1813-F7F7-6055-8543ADD5EE1B</generatorID>
<ownerDesignName>A1Logical</ownerDesignName>
<indexState>Foreign Key</indexState>
<isSurrogateKey>false</isSurrogateKey>
<indexColumnUsage>
<colUsage columnID="B649762A-38D5-514A-A9D5-3704B0D09A48"/>
</indexColumnUsage>
</ind_PK_UK>
</indexes>
</Table>
