<?xml version = '1.0' encoding = 'UTF-8'?>
<Table class="oracle.dbtools.crest.model.design.relational.Table" directorySegmentName="seg_0" id="C94E1FB9-D468-BB21-5D40-04DC4D7C6BCB" name="LGA">
<createdBy>User</createdBy>
<createdTime>2024-09-17 13:16:20 UTC</createdTime>
<generatorID>2C8751FE-F7A2-62CF-BB80-75ADEE8990DB</generatorID>
<ownerDesignName>A1Logical</ownerDesignName>
<allowColumnReorder>false</allowColumnReorder>
<existDependencyGenerateInDDl>true</existDependencyGenerateInDDl>
<parsed>true</parsed>
<columns itemClass="oracle.dbtools.crest.model.design.relational.Column">
<Column name="lga_code" id="DB8A89A8-78ED-CFDE-1231-D7A229C493C5">
<createdBy>User</createdBy>
<createdTime>2024-09-17 13:16:20 UTC</createdTime>
<commentInRDBMS><![CDATA[lga code]]></commentInRDBMS>
<generatorID>FF5CAB06-F2AD-8271-00D9-E9B4742E14D1</generatorID>
<ownerDesignName>A1Logical</ownerDesignName>
<useDomainConstraints>false</useDomainConstraints>
<use>1</use>
<logicalDatatype>LOGDT019</logicalDatatype>
<dataTypePrecision>10</dataTypePrecision>
<ownDataTypeParameters>,10,</ownDataTypeParameters>
<autoIncrementCycle>false</autoIncrementCycle>
</Column>
<Column name="lga_name" id="664534B1-8758-B8D7-52DB-DA2E70DD5DBB">
<createdBy>User</createdBy>
<createdTime>2024-09-17 13:16:20 UTC</createdTime>
<commentInRDBMS><![CDATA[LGA name]]></commentInRDBMS>
<generatorID>E5B8A3BE-141C-D2B5-5725-ED1FE94B771E</generatorID>
<ownerDesignName>A1Logical</ownerDesignName>
<useDomainConstraints>false</useDomainConstraints>
<use>1</use>
<logicalDatatype>LOGDT024</logicalDatatype>
<dataTypeSize>50</dataTypeSize>
<ownDataTypeParameters>50,,</ownDataTypeParameters>
<autoIncrementCycle>false</autoIncrementCycle>
</Column>
<Column name="lga_size" id="39466286-DDD2-7A15-2CC9-CD05B7752B55">
<createdBy>User</createdBy>
<createdTime>2024-09-17 13:16:20 UTC</createdTime>
<commentInRDBMS><![CDATA[LGA Size in hectares]]></commentInRDBMS>
<generatorID>66DAD024-7E80-0AEF-F027-7D9D34A072E7</generatorID>
<ownerDesignName>A1Logical</ownerDesignName>
<useDomainConstraints>false</useDomainConstraints>
<use>1</use>
<logicalDatatype>LOGDT019</logicalDatatype>
<dataTypePrecision>5</dataTypePrecision>
<dataTypeScale>2</dataTypeScale>
<ownDataTypeParameters>,5,2</ownDataTypeParameters>
<autoIncrementCycle>false</autoIncrementCycle>
</Column>
<Column name="lga_contact" id="BF3959BD-19A7-4F5D-F3BC-CF52297CDB6B">
<createdBy>User</createdBy>
<createdTime>2024-09-17 13:16:20 UTC</createdTime>
<commentInRDBMS><![CDATA[LGA Service Contact Name]]></commentInRDBMS>
<generatorID>310C0914-1232-E4DB-16FD-93393E080A53</generatorID>
<ownerDesignName>A1Logical</ownerDesignName>
<useDomainConstraints>false</useDomainConstraints>
<use>1</use>
<logicalDatatype>LOGDT024</logicalDatatype>
<dataTypeSize>20</dataTypeSize>
<ownDataTypeParameters>20,,</ownDataTypeParameters>
<autoIncrementCycle>false</autoIncrementCycle>
</Column>
<Column name="lga_phone_no" id="AC3337AB-6657-4C5E-4096-B21564FDCB61">
<createdBy>User</createdBy>
<createdTime>2024-09-17 13:16:20 UTC</createdTime>
<commentInRDBMS><![CDATA[LGA phone number]]></commentInRDBMS>
<generatorID>84D8D9E6-E75F-2DB3-9CA3-32FEF0399302</generatorID>
<ownerDesignName>A1Logical</ownerDesignName>
<useDomainConstraints>false</useDomainConstraints>
<use>1</use>
<logicalDatatype>LOGDT025</logicalDatatype>
<dataTypeSize>12</dataTypeSize>
<ownDataTypeParameters>12,,</ownDataTypeParameters>
<autoIncrementCycle>false</autoIncrementCycle>
</Column>
</columns>
<indexes itemClass="oracle.dbtools.crest.model.design.relational.Index">
<ind_PK_UK id="DD516767-3078-3FFB-004E-E8FFFB19B6A4" name="LGA_PK">
<createdBy>User</createdBy>
<createdTime>2024-09-17 13:16:20 UTC</createdTime>
<generatorID>747BE799-91A0-E362-DD57-554021B57A2D</generatorID>
<ownerDesignName>A1Logical</ownerDesignName>
<pk>true</pk>
<indexState>Primary Constraint</indexState>
<isSurrogateKey>false</isSurrogateKey>
<indexColumnUsage>
<colUsage columnID="DB8A89A8-78ED-CFDE-1231-D7A229C493C5"/>
</indexColumnUsage>
</ind_PK_UK>
</indexes>
</Table>
