<?xml version = '1.0' encoding = 'UTF-8'?>
<Table class="oracle.dbtools.crest.model.design.relational.Table" directorySegmentName="seg_0" id="EA89AD7C-E9A8-6ED2-445D-756C0D2EB2F5" name="LOAN">
<createdBy>User</createdBy>
<createdTime>2024-09-17 13:16:20 UTC</createdTime>
<generatorID>1F35EC88-45D2-8D8C-72B8-358F64E4827A</generatorID>
<ownerDesignName>A1Logical</ownerDesignName>
<allowColumnReorder>false</allowColumnReorder>
<existDependencyGenerateInDDl>true</existDependencyGenerateInDDl>
<parsed>true</parsed>
<columns itemClass="oracle.dbtools.crest.model.design.relational.Column">
<Column name="loan_id" id="1FFE8EA3-8D7A-C6F2-5BEB-83470FB3D3E0">
<createdBy>User</createdBy>
<createdTime>2024-09-17 13:16:20 UTC</createdTime>
<commentInRDBMS><![CDATA[Loan ID (Surrogate Key)]]></commentInRDBMS>
<generatorID>0B968631-651E-918F-E89C-2A9D5CDCF5DC</generatorID>
<ownerDesignName>A1Logical</ownerDesignName>
<useDomainConstraints>false</useDomainConstraints>
<use>1</use>
<logicalDatatype>LOGDT019</logicalDatatype>
<dataTypePrecision>4</dataTypePrecision>
<ownDataTypeParameters>,4,</ownDataTypeParameters>
<autoIncrementCycle>false</autoIncrementCycle>
</Column>
<Column name="loan_datetime" id="3F60F428-4941-2946-F41E-5ED1B239B3CF">
<createdBy>User</createdBy>
<createdTime>2024-09-17 13:16:20 UTC</createdTime>
<commentInRDBMS><![CDATA[loan datetime]]></commentInRDBMS>
<generatorID>FF33C8AF-9DE6-45AF-2288-6523F15655CD</generatorID>
<ownerDesignName>A1Logical</ownerDesignName>
<useDomainConstraints>false</useDomainConstraints>
<use>1</use>
<logicalDatatype>LOGDT007</logicalDatatype>
<ownDataTypeParameters>,,</ownDataTypeParameters>
<autoIncrementCycle>false</autoIncrementCycle>
</Column>
<Column name="bookcopy_id" id="0094732D-6F96-A644-1FF4-6F11F3BC1D50">
<createdBy>User</createdBy>
<createdTime>2024-09-17 13:16:20 UTC</createdTime>
<commentInRDBMS><![CDATA[book copy id]]></commentInRDBMS>
<generatorID>81F5DD75-C726-0500-EF7C-5EA6E7215285</generatorID>
<ownerDesignName>A1Logical</ownerDesignName>
<useDomainConstraints>false</useDomainConstraints>
<use>1</use>
<logicalDatatype>LOGDT019</logicalDatatype>
<dataTypePrecision>10</dataTypePrecision>
<ownDataTypeParameters>,,</ownDataTypeParameters>
<previousColumn>false</previousColumn>
<autoIncrementCycle>false</autoIncrementCycle>
<associations>
<colAssociation fkAssociation="19EF55DC-42EA-C060-71CF-DAF9DE005B1E" referredColumn="7B558573-5571-0186-8070-4D24C7E91304"/>
</associations>
</Column>
<Column name="branch_code" id="26466B67-D7DE-3F0E-04E4-94F6853203BC">
<createdBy>User</createdBy>
<createdTime>2024-09-17 13:16:20 UTC</createdTime>
<commentInRDBMS><![CDATA[branch code]]></commentInRDBMS>
<generatorID>AC8CC95E-FFAA-AC23-7304-0D39E303B3B0</generatorID>
<ownerDesignName>A1Logical</ownerDesignName>
<useDomainConstraints>false</useDomainConstraints>
<use>1</use>
<logicalDatatype>LOGDT019</logicalDatatype>
<dataTypePrecision>10</dataTypePrecision>
<ownDataTypeParameters>,,</ownDataTypeParameters>
<previousColumn>false</previousColumn>
<autoIncrementCycle>false</autoIncrementCycle>
<associations>
<colAssociation fkAssociation="19EF55DC-42EA-C060-71CF-DAF9DE005B1E" referredColumn="5789DA39-06BC-D33C-2D08-5AFC9F5290FE"/>
</associations>
</Column>
<Column name="borrower_id" id="CF14D1E0-A6DE-269C-4AB9-B0249CD657ED">
<createdBy>User</createdBy>
<createdTime>2024-09-17 13:16:20 UTC</createdTime>
<commentInRDBMS><![CDATA[borrower id]]></commentInRDBMS>
<generatorID>75E9EFED-270C-8C2F-CA2B-78E897F3DC33</generatorID>
<ownerDesignName>A1Logical</ownerDesignName>
<useDomainConstraints>false</useDomainConstraints>
<use>1</use>
<logicalDatatype>LOGDT019</logicalDatatype>
<dataTypePrecision>10</dataTypePrecision>
<ownDataTypeParameters>,,</ownDataTypeParameters>
<previousColumn>false</previousColumn>
<autoIncrementCycle>false</autoIncrementCycle>
<associations>
<colAssociation fkAssociation="A7624F00-5811-8AFA-9E34-DC7721D6746D" referredColumn="4361B13B-AC89-9EB5-8A91-59C65EB6349F"/>
</associations>
</Column>
<Column name="loan_due_back" id="708A5E0E-3F29-39FF-8530-02FE735796B6">
<createdBy>User</createdBy>
<createdTime>2024-09-17 13:16:20 UTC</createdTime>
<commentInRDBMS><![CDATA[Due date to return bookcopy to branch]]></commentInRDBMS>
<generatorID>B0C0CEDE-69D5-82C2-8077-91F32B9930A5</generatorID>
<ownerDesignName>A1Logical</ownerDesignName>
<useDomainConstraints>false</useDomainConstraints>
<use>1</use>
<logicalDatatype>LOGDT007</logicalDatatype>
<ownDataTypeParameters>,,</ownDataTypeParameters>
<autoIncrementCycle>false</autoIncrementCycle>
</Column>
<Column name="loan_return_datetime" id="B5811A6E-C77A-95B1-B60D-A6E8690B31E4">
<createdBy>User</createdBy>
<createdTime>2024-09-17 13:16:20 UTC</createdTime>
<commentInRDBMS><![CDATA[Date and time for book returned to branch]]></commentInRDBMS>
<generatorID>C6C6A5A2-A7E8-B14B-CC8A-9F4A0EA16BAB</generatorID>
<ownerDesignName>A1Logical</ownerDesignName>
<nullsAllowed>true</nullsAllowed>
<useDomainConstraints>false</useDomainConstraints>
<use>1</use>
<logicalDatatype>LOGDT007</logicalDatatype>
<ownDataTypeParameters>,,</ownDataTypeParameters>
<autoIncrementCycle>false</autoIncrementCycle>
</Column>
<Column name="loan_fine_amnt" id="E250B7E4-B599-3F2B-6C90-7238B8282107">
<createdBy>User</createdBy>
<createdTime>2024-09-17 13:16:20 UTC</createdTime>
<commentInRDBMS><![CDATA[Amount to pay back for overdue loan]]></commentInRDBMS>
<generatorID>7E315184-2A90-6AE5-8905-94C2507A91B6</generatorID>
<ownerDesignName>A1Logical</ownerDesignName>
<nullsAllowed>true</nullsAllowed>
<useDomainConstraints>false</useDomainConstraints>
<use>1</use>
<logicalDatatype>LOGDT019</logicalDatatype>
<dataTypePrecision>5</dataTypePrecision>
<dataTypeScale>2</dataTypeScale>
<ownDataTypeParameters>,5,2</ownDataTypeParameters>
<autoIncrementCycle>false</autoIncrementCycle>
</Column>
<Column name="loan_date_fine_paid" id="17AB1325-BC84-C9B4-2F2C-02BC974035BE">
<createdBy>User</createdBy>
<createdTime>2024-09-17 13:16:20 UTC</createdTime>
<commentInRDBMS><![CDATA[Date of loan fine paid]]></commentInRDBMS>
<generatorID>2EA68371-D6FE-F38A-A8FF-B293DD6CE7E3</generatorID>
<ownerDesignName>A1Logical</ownerDesignName>
<nullsAllowed>true</nullsAllowed>
<useDomainConstraints>false</useDomainConstraints>
<use>1</use>
<logicalDatatype>LOGDT007</logicalDatatype>
<ownDataTypeParameters>,,</ownDataTypeParameters>
<autoIncrementCycle>false</autoIncrementCycle>
</Column>
</columns>
<indexes itemClass="oracle.dbtools.crest.model.design.relational.Index">
<ind_PK_UK id="F0655C06-A9C2-2149-7405-5BE608B724F6" name="LOAN_PK">
<createdBy>User</createdBy>
<createdTime>2024-09-17 13:16:20 UTC</createdTime>
<generatorID>13F4D07D-CD13-B364-ABF7-2FF85357F169</generatorID>
<ownerDesignName>A1Logical</ownerDesignName>
<pk>true</pk>
<indexState>Primary Constraint</indexState>
<isSurrogateKey>false</isSurrogateKey>
<indexColumnUsage>
<colUsage columnID="1FFE8EA3-8D7A-C6F2-5BEB-83470FB3D3E0"/>
</indexColumnUsage>
</ind_PK_UK>
<ind_PK_UK id="2FE60B13-94A2-C269-68DC-90A9541DDA1B" name="LOAN_ID_NK">
<createdBy>User</createdBy>
<createdTime>2024-09-17 13:16:20 UTC</createdTime>
<generatorID>30ABBFAE-F362-307A-1558-75708215B0D9</generatorID>
<ownerDesignName>A1Logical</ownerDesignName>
<indexState>Unique Constraint</indexState>
<isSurrogateKey>false</isSurrogateKey>
<indexColumnUsage>
<colUsage columnID="3F60F428-4941-2946-F41E-5ED1B239B3CF"/>
<colUsage columnID="0094732D-6F96-A644-1FF4-6F11F3BC1D50"/>
<colUsage columnID="26466B67-D7DE-3F0E-04E4-94F6853203BC"/>
</indexColumnUsage>
</ind_PK_UK>
<ind_PK_UK id="D5977EF6-2F34-D15B-9813-CEC600E4CC48" name="bookcopy_loan_fk">
<createdBy>User</createdBy>
<createdTime>2024-09-17 13:16:20 UTC</createdTime>
<generatorID>F0F613FF-8870-D13B-3FAA-381CE91FF956</generatorID>
<ownerDesignName>A1Logical</ownerDesignName>
<indexState>Foreign Key</indexState>
<isSurrogateKey>false</isSurrogateKey>
<indexColumnUsage>
<colUsage columnID="0094732D-6F96-A644-1FF4-6F11F3BC1D50"/>
<colUsage columnID="26466B67-D7DE-3F0E-04E4-94F6853203BC"/>
</indexColumnUsage>
</ind_PK_UK>
<ind_PK_UK id="452F964F-E9EC-2786-1AF2-B3CDB9495078" name="borrower_loan_fk">
<createdBy>User</createdBy>
<createdTime>2024-09-17 13:16:20 UTC</createdTime>
<generatorID>96A1C3CA-8722-59C1-45A9-87648391065C</generatorID>
<ownerDesignName>A1Logical</ownerDesignName>
<indexState>Foreign Key</indexState>
<isSurrogateKey>false</isSurrogateKey>
<indexColumnUsage>
<colUsage columnID="CF14D1E0-A6DE-269C-4AB9-B0249CD657ED"/>
</indexColumnUsage>
</ind_PK_UK>
</indexes>
</Table>
