<?xml version = '1.0' encoding = 'UTF-8'?>
<Diagram class="oracle.dbtools.crest.swingui.logical.DPVLogical" name="Logical" id="C294F5AA-8086-1288-191D-BE5FDE057AE6">
<createdBy>G102</createdBy>
<modifiedBy>G102</modifiedBy>
<createdTime>2024-09-13 16:11:00 UTC</createdTime>
<autoRoute>false</autoRoute>
<boxInbox>true</boxInbox>
<showLegend>true</showLegend>
<showLabels>true</showLabels>
<showRelAttributes>false</showRelAttributes>
<gridEnabled>false</gridEnabled>
<showGrid>false</showGrid>
<diagramColor>-1</diagramColor>
<legendPosX>1488</legendPosX>
<legendPosY>14</legendPosY>
<display>false</display>
<notation>2</notation>
<showAllDetails>false</showAllDetails>
<showElements>true</showElements>
<objectViews>
<OView class="oracle.dbtools.crest.swingui.logical.TVEntity" oid="052FE11E-F332-E0F5-6407-8356D9EEE31D" otype="Entity" vid="0A710144-DAD8-1DE4-9645-A15736D3F127">
<hideElementsInCurrentOnly>false</hideElementsInCurrentOnly>
<bounds x="428" y="324" width="251" height="130"/>
</OView>
<OView class="oracle.dbtools.crest.swingui.logical.TVEntity" oid="1F35EC88-45D2-8D8C-72B8-358F64E4827A" otype="Entity" vid="7671A9DD-708D-536D-6B34-D84AE518598E">
<hideElementsInCurrentOnly>false</hideElementsInCurrentOnly>
<bounds x="947" y="481" width="310" height="186"/>
</OView>
<OView class="oracle.dbtools.crest.swingui.logical.TVEntity" oid="2C73939D-7D05-36E0-A482-F756F31DB906" otype="Entity" vid="3A06E5F8-941A-3473-C23A-0980FB30FE39">
<hideElementsInCurrentOnly>false</hideElementsInCurrentOnly>
<bounds x="408" y="700" width="226" height="202"/>
</OView>
<OView class="oracle.dbtools.crest.swingui.logical.TVEntity" oid="2C8751FE-F7A2-62CF-BB80-75ADEE8990DB" otype="Entity" vid="FF9CEDA3-EDB2-E1C5-6F9A-58496A48B602">
<hideElementsInCurrentOnly>false</hideElementsInCurrentOnly>
<bounds x="27" y="13" width="190" height="120"/>
</OView>
<OView class="oracle.dbtools.crest.swingui.logical.TVEntity" oid="2D146D19-B43F-5EA5-06DA-FC0659E58F45" otype="Entity" vid="1DA9E5EE-F584-DDFB-B9AD-02EFD6E53AD1">
<hideElementsInCurrentOnly>false</hideElementsInCurrentOnly>
<bounds x="375" y="7" width="211" height="130"/>
</OView>
<OView class="oracle.dbtools.crest.swingui.logical.TVEntity" oid="2E3C8DD0-DC00-BC44-C9EC-B44B73DA77E2" otype="Entity" vid="ECD32E06-183F-F8F3-0AD1-BB7445E4A676">
<hideElementsInCurrentOnly>false</hideElementsInCurrentOnly>
<bounds x="109" y="267" width="215" height="116"/>
</OView>
<OView class="oracle.dbtools.crest.swingui.logical.TVEntity" oid="554DC5A5-42C1-9566-4259-632982FDA0B5" otype="Entity" vid="A695687D-AD11-185A-2906-F3601C2AE289">
<hideElementsInCurrentOnly>false</hideElementsInCurrentOnly>
<bounds x="76" y="1002" width="187" height="110"/>
</OView>
<OView class="oracle.dbtools.crest.swingui.logical.TVEntity" oid="5E52A5AC-524A-B0B6-B90E-B24889556936" otype="Entity" vid="AC07CB0B-94EE-B9B6-987C-69713384CFA2">
<hideElementsInCurrentOnly>false</hideElementsInCurrentOnly>
<bounds x="1143" y="20" width="243" height="126"/>
</OView>
<OView class="oracle.dbtools.crest.swingui.logical.TVEntity" oid="69F2FDA5-F458-C6D8-2055-0734DCE6E1D4" otype="Entity" vid="5E025F16-535F-3D86-0134-125C8DAD5AB9">
<hideElementsInCurrentOnly>false</hideElementsInCurrentOnly>
<bounds x="767" y="704" width="197" height="77"/>
</OView>
<OView class="oracle.dbtools.crest.swingui.logical.TVEntity" oid="767BEA53-902C-1D4F-34E2-B392FC273C10" otype="Entity" vid="585A7FC9-FF14-5AC4-0DB9-C50D8F4A74A8">
<hideElementsInCurrentOnly>false</hideElementsInCurrentOnly>
<bounds x="305" y="535" width="194" height="110"/>
</OView>
<OView class="oracle.dbtools.crest.swingui.logical.TVEntity" oid="9DE0A86D-0BF3-0F39-3004-EC0CC9AB9B48" otype="Entity" vid="4295A5A8-775A-F593-805B-772CC0ECBDAB">
<hideElementsInCurrentOnly>false</hideElementsInCurrentOnly>
<bounds x="48" y="817" width="239" height="110"/>
</OView>
<OView class="oracle.dbtools.crest.swingui.logical.TVEntity" oid="B03542A8-FFED-FAD6-14F4-BBE0253FAD5B" otype="Entity" vid="D4EA9948-9D41-6E77-14A6-92E046AD070C">
<hideElementsInCurrentOnly>false</hideElementsInCurrentOnly>
<bounds x="763" y="0" width="230" height="211"/>
</OView>
<OView class="oracle.dbtools.crest.swingui.TVLegend" oid="B6DD6432-7059-E54B-A360-3FE4CDAE3D95" otype="Legend" vid="D0370E12-04ED-8619-341A-E1C888EBB83B">
<hideElementsInCurrentOnly>false</hideElementsInCurrentOnly>
<bounds x="1488" y="14" width="232" height="135"/>
</OView>
<OView class="oracle.dbtools.crest.swingui.logical.TVEntity" oid="C42F91FB-2F71-BA30-2C7A-C42A2E76E14E" otype="Entity" vid="8D10D946-C278-2B78-1C5A-9318B595D6AC">
<hideElementsInCurrentOnly>false</hideElementsInCurrentOnly>
<bounds x="36" y="591" width="256" height="129"/>
</OView>
<OView class="oracle.dbtools.crest.swingui.logical.TVEntity" oid="EFF0FBCF-FAAC-9CEB-885C-79AD314B9588" otype="Entity" vid="15FF6CE2-D60C-0C6C-7F33-FECB05B440C3">
<hideElementsInCurrentOnly>false</hideElementsInCurrentOnly>
<bounds x="60" y="415" width="179" height="110"/>
</OView>
<OView class="oracle.dbtools.crest.swingui.logical.TVEntity" oid="F0DB49F2-21D0-1E1F-2345-702EA351ADDB" otype="Entity" vid="9DA6703D-A3DF-F010-3094-B5F114D32C73">
<hideElementsInCurrentOnly>false</hideElementsInCurrentOnly>
<bounds x="766" y="305" width="383" height="149"/>
</OView>
</objectViews>
<connectors>
<Connector class="oracle.dbtools.crest.swingui.logical.TVRelation" oid="062774AD-03DD-9BDE-F224-60D0E72B0AEB" otype="Relation" vid_source="0A710144-DAD8-1DE4-9645-A15736D3F127" vid_target="9DA6703D-A3DF-F010-3094-B5F114D32C73">
<hideElementsInCurrentOnly>false</hideElementsInCurrentOnly>
<backgroundColor>-16777216</backgroundColor>
<lineWidth>1</lineWidth>
<sourceLabel class="oracle.dbtools.crest.model.design.Label">
<site>0</site>
<labelBounds x="689" y="389" width="52" height="30"/>
<noBackgroundColor>true</noBackgroundColor>
<noForegroundColor>true</noForegroundColor>
</sourceLabel>
<targetLabel class="oracle.dbtools.crest.model.design.Label">
<site>2</site>
<labelBounds x="742" y="385" width="18" height="30"/>
<noBackgroundColor>true</noBackgroundColor>
<noForegroundColor>true</noForegroundColor>
</targetLabel>
<points>
<point x="679" y="389"/>
<point x="766" y="385"/>
</points>
</Connector>
<Connector class="oracle.dbtools.crest.swingui.logical.TVRelation" oid="06C405E7-C811-CFB6-6E0D-F7B34C69E9D0" otype="Relation" vid_source="ECD32E06-183F-F8F3-0AD1-BB7445E4A676" vid_target="1DA9E5EE-F584-DDFB-B9AD-02EFD6E53AD1">
<hideElementsInCurrentOnly>false</hideElementsInCurrentOnly>
<backgroundColor>-16777216</backgroundColor>
<lineWidth>1</lineWidth>
<sourceLabel class="oracle.dbtools.crest.model.design.Label">
<site>0</site>
<labelBounds x="334" y="256" width="57" height="35"/>
<noBackgroundColor>true</noBackgroundColor>
<noForegroundColor>true</noForegroundColor>
</sourceLabel>
<targetLabel class="oracle.dbtools.crest.model.design.Label">
<site>2</site>
<labelBounds x="433" y="178" width="18" height="30"/>
<noBackgroundColor>true</noBackgroundColor>
<noForegroundColor>true</noForegroundColor>
</targetLabel>
<points>
<point x="324" y="291"/>
<point x="433" y="291"/>
<point x="433" y="137"/>
</points>
</Connector>
<Connector class="oracle.dbtools.crest.swingui.logical.TVRelation" oid="318920BA-9BA6-09E0-D04A-8A08AEF0D2BE" otype="Relation" vid_source="1DA9E5EE-F584-DDFB-B9AD-02EFD6E53AD1" vid_target="ECD32E06-183F-F8F3-0AD1-BB7445E4A676">
<hideElementsInCurrentOnly>false</hideElementsInCurrentOnly>
<backgroundColor>-16777216</backgroundColor>
<lineWidth>1</lineWidth>
<sourceLabel class="oracle.dbtools.crest.model.design.Label">
<site>0</site>
<labelBounds x="353" y="71" width="16" height="36"/>
<noBackgroundColor>true</noBackgroundColor>
<noForegroundColor>true</noForegroundColor>
</sourceLabel>
<targetLabel class="oracle.dbtools.crest.model.design.Label">
<site>2</site>
<labelBounds x="251" y="221" width="105" height="32"/>
<noBackgroundColor>true</noBackgroundColor>
<noForegroundColor>true</noForegroundColor>
</targetLabel>
<points>
<point x="375" y="107"/>
<point x="251" y="107"/>
<point x="251" y="267"/>
</points>
</Connector>
<Connector class="oracle.dbtools.crest.swingui.logical.TVRelation" oid="3A647AA9-9550-8773-1634-8DAF977B74B7" otype="Relation" vid_source="AC07CB0B-94EE-B9B6-987C-69713384CFA2" vid_target="D4EA9948-9D41-6E77-14A6-92E046AD070C">
<hideElementsInCurrentOnly>false</hideElementsInCurrentOnly>
<backgroundColor>-16777216</backgroundColor>
<lineWidth>1</lineWidth>
<sourceLabel class="oracle.dbtools.crest.model.design.Label">
<site>0</site>
<labelBounds x="1119" y="53" width="18" height="30"/>
<noBackgroundColor>true</noBackgroundColor>
<noForegroundColor>true</noForegroundColor>
</sourceLabel>
<targetLabel class="oracle.dbtools.crest.model.design.Label">
<site>2</site>
<labelBounds x="1003" y="86" width="22" height="30"/>
<noBackgroundColor>true</noBackgroundColor>
<noForegroundColor>true</noForegroundColor>
</targetLabel>
<points>
<point x="1143" y="83"/>
<point x="993" y="83"/>
</points>
</Connector>
<Connector class="oracle.dbtools.crest.swingui.logical.TVRelation" oid="3FFF3397-15B2-3649-450C-A412CEE73C59" otype="Relation" vid_source="5E025F16-535F-3D86-0134-125C8DAD5AB9" vid_target="3A06E5F8-941A-3473-C23A-0980FB30FE39">
<hideElementsInCurrentOnly>false</hideElementsInCurrentOnly>
<backgroundColor>-16777216</backgroundColor>
<lineWidth>1</lineWidth>
<sourceLabel class="oracle.dbtools.crest.model.design.Label">
<site>0</site>
<labelBounds x="703" y="712" width="58" height="30"/>
<noBackgroundColor>true</noBackgroundColor>
<noForegroundColor>true</noForegroundColor>
</sourceLabel>
<targetLabel class="oracle.dbtools.crest.model.design.Label">
<site>2</site>
<labelBounds x="644" y="745" width="17" height="32"/>
<noBackgroundColor>true</noBackgroundColor>
<noForegroundColor>true</noForegroundColor>
</targetLabel>
<points>
<point x="767" y="742"/>
<point x="634" y="742"/>
</points>
</Connector>
<Connector class="oracle.dbtools.crest.swingui.logical.TVRelation" oid="46168820-A9AD-177F-F9FB-10FBCD3F874A" otype="Relation" vid_source="FF9CEDA3-EDB2-E1C5-6F9A-58496A48B602" vid_target="1DA9E5EE-F584-DDFB-B9AD-02EFD6E53AD1">
<hideElementsInCurrentOnly>false</hideElementsInCurrentOnly>
<backgroundColor>-16777216</backgroundColor>
<lineWidth>1</lineWidth>
<sourceLabel class="oracle.dbtools.crest.model.design.Label">
<site>0</site>
<labelBounds x="227" y="43" width="43" height="30"/>
<noBackgroundColor>true</noBackgroundColor>
<noForegroundColor>true</noForegroundColor>
</sourceLabel>
<targetLabel class="oracle.dbtools.crest.model.design.Label">
<site>2</site>
<labelBounds x="351" y="76" width="18" height="30"/>
<noBackgroundColor>true</noBackgroundColor>
<noForegroundColor>true</noForegroundColor>
</targetLabel>
<points>
<point x="217" y="73"/>
<point x="375" y="73"/>
</points>
</Connector>
<Connector class="oracle.dbtools.crest.swingui.logical.TVRelation" oid="5888FFB1-B2F9-052D-0AC6-1CECBD12D985" otype="Relation" vid_source="3A06E5F8-941A-3473-C23A-0980FB30FE39" vid_target="8D10D946-C278-2B78-1C5A-9318B595D6AC">
<hideElementsInCurrentOnly>false</hideElementsInCurrentOnly>
<backgroundColor>-16777216</backgroundColor>
<lineWidth>1</lineWidth>
<sourceLabel class="oracle.dbtools.crest.model.design.Label">
<site>0</site>
<labelBounds x="371" y="734" width="31" height="30"/>
<noBackgroundColor>true</noBackgroundColor>
<noForegroundColor>true</noForegroundColor>
</sourceLabel>
<targetLabel class="oracle.dbtools.crest.model.design.Label">
<site>2</site>
<labelBounds x="188" y="756" width="18" height="30"/>
<noBackgroundColor>true</noBackgroundColor>
<noForegroundColor>true</noForegroundColor>
</targetLabel>
<points>
<point x="408" y="764"/>
<point x="188" y="764"/>
<point x="188" y="720"/>
</points>
</Connector>
<Connector class="oracle.dbtools.crest.swingui.logical.TVRelation" oid="597E948A-7900-29CB-1CEB-64D6C8043B0E" otype="Relation" vid_source="585A7FC9-FF14-5AC4-0DB9-C50D8F4A74A8" vid_target="0A710144-DAD8-1DE4-9645-A15736D3F127">
<hideElementsInCurrentOnly>false</hideElementsInCurrentOnly>
<backgroundColor>-16777216</backgroundColor>
<lineWidth>1</lineWidth>
<sourceLabel class="oracle.dbtools.crest.model.design.Label">
<site>0</site>
<labelBounds x="509" y="527" width="62" height="30"/>
<noBackgroundColor>true</noBackgroundColor>
<noForegroundColor>true</noForegroundColor>
</sourceLabel>
<targetLabel class="oracle.dbtools.crest.model.design.Label">
<site>2</site>
<labelBounds x="584" y="498" width="19" height="31"/>
<noBackgroundColor>true</noBackgroundColor>
<noForegroundColor>true</noForegroundColor>
</targetLabel>
<points>
<point x="499" y="557"/>
<point x="584" y="557"/>
<point x="584" y="454"/>
</points>
</Connector>
<Connector class="oracle.dbtools.crest.swingui.logical.TVRelation" oid="5B367922-7B69-098B-1800-872405C4F6E5" otype="Relation" vid_source="A695687D-AD11-185A-2906-F3601C2AE289" vid_target="4295A5A8-775A-F593-805B-772CC0ECBDAB">
<hideElementsInCurrentOnly>false</hideElementsInCurrentOnly>
<backgroundColor>-16777216</backgroundColor>
<lineWidth>1</lineWidth>
<sourceLabel class="oracle.dbtools.crest.model.design.Label">
<site>0</site>
<labelBounds x="169" y="966" width="31" height="30"/>
<noBackgroundColor>true</noBackgroundColor>
<noForegroundColor>true</noForegroundColor>
</sourceLabel>
<targetLabel class="oracle.dbtools.crest.model.design.Label">
<site>2</site>
<labelBounds x="169" y="963" width="18" height="30"/>
<noBackgroundColor>true</noBackgroundColor>
<noForegroundColor>true</noForegroundColor>
</targetLabel>
<points>
<point x="169" y="1002"/>
<point x="169" y="927"/>
</points>
</Connector>
<Connector class="oracle.dbtools.crest.swingui.logical.TVRelation" oid="5F099C59-1813-F7F7-6055-8543ADD5EE1B" otype="Relation" vid_source="3A06E5F8-941A-3473-C23A-0980FB30FE39" vid_target="4295A5A8-775A-F593-805B-772CC0ECBDAB">
<hideElementsInCurrentOnly>false</hideElementsInCurrentOnly>
<backgroundColor>-16777216</backgroundColor>
<lineWidth>1</lineWidth>
<sourceLabel class="oracle.dbtools.crest.model.design.Label">
<site>0</site>
<labelBounds x="371" y="829" width="31" height="30"/>
<noBackgroundColor>true</noBackgroundColor>
<noForegroundColor>true</noForegroundColor>
</sourceLabel>
<targetLabel class="oracle.dbtools.crest.model.design.Label">
<site>2</site>
<labelBounds x="297" y="862" width="18" height="30"/>
<noBackgroundColor>true</noBackgroundColor>
<noForegroundColor>true</noForegroundColor>
</targetLabel>
<points>
<point x="408" y="859"/>
<point x="287" y="859"/>
</points>
</Connector>
<Connector class="oracle.dbtools.crest.swingui.logical.TVRelation" oid="60E062E2-CF00-F053-C44E-A0DEDB95D5A4" otype="Relation" vid_source="1DA9E5EE-F584-DDFB-B9AD-02EFD6E53AD1" vid_target="0A710144-DAD8-1DE4-9645-A15736D3F127">
<hideElementsInCurrentOnly>false</hideElementsInCurrentOnly>
<backgroundColor>-16777216</backgroundColor>
<lineWidth>1</lineWidth>
<sourceLabel class="oracle.dbtools.crest.model.design.Label">
<site>0</site>
<labelBounds x="507" y="197" width="31" height="30"/>
<noBackgroundColor>true</noBackgroundColor>
<noForegroundColor>true</noForegroundColor>
</sourceLabel>
<targetLabel class="oracle.dbtools.crest.model.design.Label">
<site>2</site>
<labelBounds x="507" y="272" width="18" height="30"/>
<noBackgroundColor>true</noBackgroundColor>
<noForegroundColor>true</noForegroundColor>
</targetLabel>
<points>
<point x="507" y="137"/>
<point x="507" y="324"/>
</points>
</Connector>
<Connector class="oracle.dbtools.crest.swingui.logical.TVRelation" oid="7EBA4895-5C07-0F25-0916-D3AED3A8FB42" otype="Relation" vid_source="15FF6CE2-D60C-0C6C-7F33-FECB05B440C3" vid_target="8D10D946-C278-2B78-1C5A-9318B595D6AC">
<hideElementsInCurrentOnly>false</hideElementsInCurrentOnly>
<backgroundColor>-16777216</backgroundColor>
<lineWidth>1</lineWidth>
<sourceLabel class="oracle.dbtools.crest.model.design.Label">
<site>0</site>
<labelBounds x="149" y="561" width="31" height="30"/>
<noBackgroundColor>true</noBackgroundColor>
<noForegroundColor>true</noForegroundColor>
</sourceLabel>
<targetLabel class="oracle.dbtools.crest.model.design.Label">
<site>2</site>
<labelBounds x="149" y="549" width="18" height="28"/>
<noBackgroundColor>true</noBackgroundColor>
<noForegroundColor>true</noForegroundColor>
</targetLabel>
<points>
<point x="149" y="525"/>
<point x="149" y="591"/>
</points>
</Connector>
<Connector class="oracle.dbtools.crest.swingui.logical.TVRelation" oid="96A1C3CA-8722-59C1-45A9-87648391065C" otype="Relation" vid_source="D4EA9948-9D41-6E77-14A6-92E046AD070C" vid_target="7671A9DD-708D-536D-6B34-D84AE518598E">
<hideElementsInCurrentOnly>false</hideElementsInCurrentOnly>
<backgroundColor>-16777216</backgroundColor>
<lineWidth>1</lineWidth>
<sourceLabel class="oracle.dbtools.crest.model.design.Label">
<site>0</site>
<labelBounds x="1003" y="152" width="56" height="30"/>
<noBackgroundColor>true</noBackgroundColor>
<noForegroundColor>true</noForegroundColor>
</sourceLabel>
<targetLabel class="oracle.dbtools.crest.model.design.Label">
<site>2</site>
<labelBounds x="1163" y="444" width="23" height="31"/>
<noBackgroundColor>true</noBackgroundColor>
<noForegroundColor>true</noForegroundColor>
</targetLabel>
<points>
<point x="993" y="182"/>
<point x="1163" y="182"/>
<point x="1163" y="481"/>
</points>
</Connector>
<Connector class="oracle.dbtools.crest.swingui.logical.TVRelation" oid="A2AAE546-0388-6B52-43CE-234BC32415F0" otype="Relation" vid_source="D4EA9948-9D41-6E77-14A6-92E046AD070C" vid_target="9DA6703D-A3DF-F010-3094-B5F114D32C73">
<hideElementsInCurrentOnly>false</hideElementsInCurrentOnly>
<backgroundColor>-16777216</backgroundColor>
<lineWidth>1</lineWidth>
<sourceLabel class="oracle.dbtools.crest.model.design.Label">
<site>0</site>
<labelBounds x="879" y="263" width="31" height="30"/>
<noBackgroundColor>true</noBackgroundColor>
<noForegroundColor>true</noForegroundColor>
</sourceLabel>
<targetLabel class="oracle.dbtools.crest.model.design.Label">
<site>2</site>
<labelBounds x="879" y="261" width="18" height="30"/>
<noBackgroundColor>true</noBackgroundColor>
<noForegroundColor>true</noForegroundColor>
</targetLabel>
<points>
<point x="879" y="211"/>
<point x="879" y="305"/>
</points>
</Connector>
<Connector class="oracle.dbtools.crest.swingui.logical.TVRelation" oid="D0420E75-91EF-2F0E-B971-BFAC1D7EEDB6" otype="Relation" vid_source="1DA9E5EE-F584-DDFB-B9AD-02EFD6E53AD1" vid_target="D4EA9948-9D41-6E77-14A6-92E046AD070C">
<hideElementsInCurrentOnly>false</hideElementsInCurrentOnly>
<backgroundColor>-16777216</backgroundColor>
<lineWidth>1</lineWidth>
<sourceLabel class="oracle.dbtools.crest.model.design.Label">
<site>0</site>
<labelBounds x="596" y="37" width="20" height="35"/>
<noBackgroundColor>true</noBackgroundColor>
<noForegroundColor>true</noForegroundColor>
</sourceLabel>
<targetLabel class="oracle.dbtools.crest.model.design.Label">
<site>2</site>
<labelBounds x="650" y="75" width="107" height="30"/>
<noBackgroundColor>true</noBackgroundColor>
<noForegroundColor>true</noForegroundColor>
</targetLabel>
<points>
<point x="586" y="72"/>
<point x="763" y="72"/>
</points>
</Connector>
<Connector class="oracle.dbtools.crest.swingui.logical.TVRelation" oid="F0F613FF-8870-D13B-3FAA-381CE91FF956" otype="Relation" vid_source="0A710144-DAD8-1DE4-9645-A15736D3F127" vid_target="7671A9DD-708D-536D-6B34-D84AE518598E">
<hideElementsInCurrentOnly>false</hideElementsInCurrentOnly>
<backgroundColor>-16777216</backgroundColor>
<lineWidth>1</lineWidth>
<sourceLabel class="oracle.dbtools.crest.model.design.Label">
<site>0</site>
<labelBounds x="653" y="514" width="64" height="30"/>
<noBackgroundColor>true</noBackgroundColor>
<noForegroundColor>true</noForegroundColor>
</sourceLabel>
<targetLabel class="oracle.dbtools.crest.model.design.Label">
<site>2</site>
<labelBounds x="923" y="561" width="18" height="30"/>
<noBackgroundColor>true</noBackgroundColor>
<noForegroundColor>true</noForegroundColor>
</targetLabel>
<points>
<point x="653" y="454"/>
<point x="653" y="558"/>
<point x="947" y="558"/>
</points>
</Connector>
<Connector class="oracle.dbtools.crest.swingui.logical.TVRelation" oid="F6F21E90-038A-6663-67B6-A1BC682C2093" otype="Relation" vid_source="3A06E5F8-941A-3473-C23A-0980FB30FE39" vid_target="585A7FC9-FF14-5AC4-0DB9-C50D8F4A74A8">
<hideElementsInCurrentOnly>false</hideElementsInCurrentOnly>
<backgroundColor>-16777216</backgroundColor>
<lineWidth>1</lineWidth>
<sourceLabel class="oracle.dbtools.crest.model.design.Label">
<site>0</site>
<labelBounds x="571" y="641" width="38" height="29"/>
<noBackgroundColor>true</noBackgroundColor>
<noForegroundColor>true</noForegroundColor>
</sourceLabel>
<targetLabel class="oracle.dbtools.crest.model.design.Label">
<site>2</site>
<labelBounds x="509" y="631" width="18" height="30"/>
<noBackgroundColor>true</noBackgroundColor>
<noForegroundColor>true</noForegroundColor>
</targetLabel>
<points>
<point x="571" y="700"/>
<point x="571" y="628"/>
<point x="499" y="628"/>
</points>
</Connector>
</connectors>
</Diagram>
