<?xml version = '1.0' encoding = 'UTF-8'?>
<relationalModel class="oracle.dbtools.crest.model.design.relational.RelationalDesign" name="Relational_1" id="88B537E9-6CAE-9FD0-F6E7-48A2DEA98808" mainViewID="7B83C052-1EBE-F792-0D4B-AFE73E7AC394">
<createdBy>User</createdBy>
<createdTime>2024-09-13 16:07:50 UTC</createdTime>
<ownerDesignName>A1Logical</ownerDesignName>
<shouldBeOpen>false</shouldBeOpen>
<selectedRDBMSSite>3FD120B5-9F4E-6278-D5E2-746D192C8319</selectedRDBMSSite>
</relationalModel>